CHEMBL481605,95.23,CCOc1cc2ncc(C(=O)N)c(Nc3cccc(Cl)c3Cl)c2cc1N4CCN(CCO)CC4
CHEMBL481401,95.63,CN1CCN(CC1)c2cc3c(Nc4cccc(Cl)c4Cl)c(cnc3cc2F)C(=O)N
CHEMBL481220,98.29,CC(C)Oc1cc2ncc(C(=O)N)c(Nc3ccc(F)cc3F)c2cc1N4CCN(C)CC4
CHEMBL480221,89.7,COCCOc1cc2ncc(C(=O)N)c(Nc3cccc(Cl)c3Cl)c2cc1N4CCN(C)CC4
CHEMBL481223,96.79,COc1cc2ncc(C(=O)N)c(Nc3ccc(Cl)cc3Cl)c2cc1N4CCN(C)CC4
CHEMBL481400,74.25,CN1CCN(CC1)c2ccc3ncc(C(=O)N)c(Nc4ccc(F)cc4F)c3c2
CHEMBL480456,94.19,CN1CCN(CC1)c2ccc3ncc(C(=O)N)c(Nc4ccc(Cl)c(Cl)c4)c3c2
CHEMBL518770,99.01,CC(C)Oc1cc2ncc(C(=O)N)c(Nc3ccc(Cl)c(Cl)c3)c2cc1N4CCN(C)CC4
CHEMBL479840,98.17,CCOc1cc2ncc(C(=O)N)c(Nc3cccc(Cl)c3Cl)c2cc1N4CCN(CC)CC4
CHEMBL481606,98.29,CCOc1cc2ncc(C(=O)N)c(Nc3cccc(Cl)c3Cl)c2cc1N4CCN(CCOC)CC4
CHEMBL481612,83.68,CCOc1cc2ncc(C(=O)N)c(Nc3cccc(Cl)c3Cl)c2cc1N4CCN(CC4)C(=O)CO
CHEMBL481807,95.43,CCOc1cc2ncc(C(=O)N)c(Nc3ccc(F)cc3F)c2cc1N4CCN(CC)CC4
CHEMBL481572,96.57,CCOc1cc2ncc(C(=O)N)c(Nc3ccc(F)c(Cl)c3)c2cc1N4CCN(C)CC4
CHEMBL480027,95.12,CC(C)Oc1cc2ncc(C(=O)N)c(Nc3cccc(Cl)c3F)c2cc1N4CCN(C)CC4
CHEMBL520278,92.95,CCOc1cc2ncc(C(=O)N)c(Nc3cccc(Cl)c3F)c2cc1N4CCN(C)CC4
CHEMBL521407,98.21,CN1CCN(CC1)c2ccc3ncc(C(=O)N)c(Nc4ccc(Cl)cc4Cl)c3c2
CHEMBL481212,93.94,CCOc1cc2ncc(C(=O)N)c(Nc3cc(C)ccc3F)c2cc1N4CCN(C)CC4
CHEMBL480830,85.77,CCOc1cc2ncc(C(=O)N)c(Nc3ccc(F)cc3F)c2cc1N4CCN(CC4)C(C)C
CHEMBL481423,96.42,COc1cc2ncc(C(=O)N)c(Nc3ccc(Cl)c(Cl)c3)c2cc1N4CCN(C)CC4
CHEMBL481205,84.9,COCCOc1cc2ncc(C(=O)N)c(Nc3ccc(C)cc3F)c2cc1N4CCN(C)CC4
CHEMBL480445,74.69,COc1cc2ncc(C(=O)N)c(Nc3ccc(F)cc3F)c2cc1N4CCN(C)CC4
CHEMBL480457,95.43,CN1CCN(CC1)c2ccc3ncc(C(=O)N)c(Nc4cccc(Cl)c4Cl)c3c2
CHEMBL481905,99.19,CCOc1cc2ncc(C(=O)N)c(Nc3ccc(Cl)c(Cl)c3)c2cc1N4CCN(C)CC4
CHEMBL479848,92.64,CCOc1cc2ncc(C(=O)N)c(Nc3cc(F)ccc3F)c2cc1N4CCN(C)CC4
CHEMBL519442,60.77,COCCOc1cc2ncc(C(=O)N)c(Nc3cccc(Cl)c3F)c2cc1N4CCN(C)CC4
CHEMBL481206,83.68,COCCOc1cc2ncc(C(=O)N)c(Nc3cc(C)ccc3F)c2cc1N4CCN(C)CC4
CHEMBL521096,94.32,CCOc1cc2ncc(C(=O)N)c(Nc3ccc(C)cc3F)c2cc1N4CCN(C)CC4
CHEMBL481596,75.55,CN1CCN(CC1)c2cc3c(Nc4ccc(F)cc4F)c(cnc3cc2F)C(=O)N
CHEMBL480250,95.53,COc1cc2ncc(C(=O)N)c(Nc3cccc(Cl)c3Cl)c2cc1N4CCN(C)CC4
CHEMBL479441,54.59,COCCOc1cc2ncc(C(=O)N)c(Nc3ccc(F)cc3F)c2cc1N4CCN(C)CC4
CHEMBL480031,98.54,CCOc1cc2ncc(C(=O)N)c(Nc3cccc(Cl)c3Cl)c2cc1N4CCN(CC4)C(C)C
CHEMBL516758,98.61,CC(C)Oc1cc2ncc(C(=O)N)c(Nc3cccc(Cl)c3Cl)c2cc1N4CCN(C)CC4
CHEMBL480822,90.32,CCOc1cc2ncc(C(=O)N)c(Nc3cccc(Cl)c3Cl)c2cc1N4CCN(CC4)C(=O)C
CHEMBL364714,86.59,C[C@@H](C(=O)N)c1ccc(OS(=O)(=O)C(F)(F)F)cc1
CHEMBL714,22.79,CC(C)(C)NCC(O)c1ccc(O)c(CO)c1
CHEMBL86,29.9,CCN(CC)CCNC(=O)c1cc(Cl)c(N)cc1OC
CHEMBL558,36.53,CC(N)COc1c(C)cccc1C
CHEMBL132227,83.04,CC(=O)NCc1cccc(c1)C(=O)O
CHEMBL1459588,98.29,CCCCCOc1ccc(cc1)C(=O)NC(C(C)C)C(=O)O
CHEMBL95804,15.1,CCN(CC)CCNC(=O)c1ccc(NS(=O)(=O)C)cc1
CHEMBL814,75.55,COCCCC\C(=N/OCCN)\c1ccc(cc1)C(F)(F)F
CHEMBL457,99.77,Cc1ccc(C)c(OCCCC(C)(C)C(=O)O)c1
CHEMBL782,98.09,CCCCNC(=O)NS(=O)(=O)c1ccc(C)cc1
CHEMBL112,26.64,CC(=O)Nc1ccc(O)cc1
CHEMBL1076,21.99,COc1ccc(OC)c(c1)C(O)CN
CHEMBL1621884,73.36,COCCCCC(=NOCCN)c1ccc(cc1)C(F)(F)F
CHEMBL16073,34.94,CCOc1ccc(NC(=O)C)cc1
CHEMBL1610669,93.24,CC(C)CCOc1ccc(N)cc1
CHEMBL972,72.91,C[C@H](Cc1ccccc1)N(C)CC#C
CHEMBL130,56.3,OC[C@@H](NC(=O)C(Cl)Cl)[C@H](O)c1ccc(cc1)[N+](=O)[O-]
CHEMBL498,96,CCCNC(=O)NS(=O)(=O)c1ccc(Cl)cc1
CHEMBL894,45.98,CC(NC(C)(C)C)C(=O)c1cccc(Cl)c1
CHEMBL1290284,38.14,COc1cc(cc(OC)c1O)C(=O)OCCCCNC(=N)N
CHEMBL1241590,32.37,CS(=O)(=O)c1ccc(cc1)[C@@H](O)[C@@H](CF)NC(=O)C(Cl)Cl
CHEMBL73048,60.77,C[C@@](O)(C(=O)Nc1ccc(cc1Cl)S(=O)(=O)C)C(F)(F)F
CHEMBL2179276,98.89,CC(C)C[C@H](N1CCC[C@@H](C1)N2C=C(C)C(=O)NC2=O)c3ccc(C(=O)O)c(Oc4cccc(Cl)c4)c3
CHEMBL2179272,96.17,CC[C@H](N1CCC[C@@H](C1)N2C=C(C)C(=O)NC2=O)c3ccc(C(=O)O)c(Oc4cccc(Cl)c4)c3
CHEMBL2179274,99.3,CCC[C@H](N1CCC[C@@H](C1)N2C=C(C)C(=O)NC2=O)c3ccc(C(=O)O)c(Oc4cccc(Cl)c4)c3
CHEMBL2179667,96.17,CC1=CN([C@H]2CCCN(Cc3ccc(C(=O)O)c(Oc4cccc(C)c4)c3)C2)C(=O)NC1=O
CHEMBL2179665,97.32,CC1=CN([C@H]2CCCN(Cc3ccc(C(=O)O)c(Oc4cccc(Cl)c4)c3)C2)C(=O)NC1=O
CHEMBL2179291,98.21,COc1ccc(Oc2cccc(CN3CCCC(C3)N4C=C(C)C(=O)NC4=O)c2)cc1
CHEMBL2179666,98.09,CC1=CN([C@H]2CCCN(Cc3ccc(C(=O)O)c(Oc4cccc(Br)c4)c3)C2)C(=O)NC1=O
CHEMBL2179278,99.01,CC1=CN([C@H]2CCCN(C2)[C@@H](CC(C)(C)C)c3ccc(C(=O)O)c(Oc4cccc(Br)c4)c3)C(=O)NC1=O
CHEMBL2179668,91.82,CC1=CN([C@H]2CCCN(Cc3ccc(C(=O)O)c(Oc4cccc(F)c4)c3)C2)C(=O)NC1=O
CHEMBL2179279,98.37,CCC(C)(C)C[C@@H](N1CCC[C@@H](C1)N2C=C(C)C(=O)NC2=O)c3ccc(C(=O)O)c(Oc4cccc(Cl)c4)c3
CHEMBL2179283,99.01,CCCC(C)(C)C[C@@H](N1CCC[C@@H](C1)N2C=C(C)C(=O)NC2=O)c3ccc(C(=O)O)c(Oc4cccc(Cl)c4)c3
CHEMBL2179669,97.07,CC1=CN([C@H]2CCCN(Cc3ccc(C(=O)O)c(Oc4cccc(c4)C(F)(F)F)c3)C2)C(=O)NC1=O
CHEMBL2179277,97.13,CC1=CN([C@H]2CCCN(C2)[C@H](CC(C)(C)C)c3ccc(C(=O)O)c(Oc4cccc(Br)c4)c3)C(=O)NC1=O
CHEMBL2179269,98.44,C[C@@H](N1CCC[C@@H](C1)N2C=C(C)C(=O)NC2=O)c3ccc(C(=O)O)c(Oc4cccc(Cl)c4)c3
CHEMBL2179273,98.81,CCC[C@@H](N1CCC[C@@H](C1)N2C=C(C)C(=O)NC2=O)c3ccc(C(=O)O)c(Oc4cccc(Cl)c4)c3
CHEMBL2179275,97.26,CC(C)C[C@@H](N1CCC[C@@H](C1)N2C=C(C)C(=O)NC2=O)c3ccc(C(=O)O)c(Oc4cccc(Cl)c4)c3
CHEMBL2179271,98.21,CC[C@@H](N1CCC[C@@H](C1)N2C=C(C)C(=O)NC2=O)c3ccc(C(=O)O)c(Oc4cccc(Cl)c4)c3
CHEMBL2179287,98.89,CC1=CN(C2CCCN(Cc3cccc(Oc4ccccc4)c3)C2)C(=O)NC1=O
CHEMBL2179280,98.81,CCC(CC)C[C@@H](N1CCC[C@@H](C1)N2C=C(C)C(=O)NC2=O)c3ccc(C(=O)O)c(Oc4cccc(Cl)c4)c3
CHEMBL2179270,97.71,C[C@H](N1CCC[C@@H](C1)N2C=C(C)C(=O)NC2=O)c3ccc(C(=O)O)c(Oc4cccc(Cl)c4)c3
CHEMBL1778649,95.82,CCS(=O)(=O)c1ccc(c(C)c1)c2cc(ccc2O[C@@H](C)C(=O)O)C(F)(F)F
CHEMBL1778652,97.44,CCS(=O)(=O)c1ccc(c(C)c1)c2cc(ccc2CCC(=O)O)C(F)(F)F
CHEMBL1778638,97.66,CCS(=O)(=O)c1ccc(c(Cl)c1)c2cc(ccc2OCC(=O)O)C(F)(F)F
CHEMBL1778644,95.12,CCS(=O)(=O)c1ccc(c(F)c1)c2cc(Cl)ccc2OCC(=O)O
CHEMBL1778635,97.07,OC(=O)COc1ccc(cc1c2cc(ccc2F)C#N)C(F)(F)F
CHEMBL1778639,95.72,CCS(=O)(=O)c1ccc(c(C)c1)c2cc(ccc2OCC(=O)O)C(F)(F)F
CHEMBL1778646,97.32,CCS(=O)(=O)c1ccc(c(Cl)c1)c2cc(Cl)ccc2OCC(=O)O
CHEMBL1778628,98.61,OC(=O)COc1ccc(cc1c2cccc(c2)C#N)C(F)(F)F
CHEMBL1778637,95.82,CS(=O)(=O)c1ccc(c(Cl)c1)c2cc(ccc2OCC(=O)O)C(F)(F)F
CHEMBL1778623,98.78,CCN(CC)S(=O)(=O)c1ccc(cc1)c2cc(ccc2OCC(=O)O)C(F)(F)F
CHEMBL1778612,99.59,OC(=O)COc1ccc(cc1c2ccccc2)[N+](=O)[O-]
CHEMBL1778643,94.32,CCc1ccc(OCC(=O)O)c(c1)c2ccc(cc2)S(=O)(=O)C
CHEMBL1778647,98.47,CCS(=O)(=O)c1ccc(c2cc(Cl)ccc2OCC(=O)O)c(c1)C(F)(F)F
CHEMBL898,99.79,OC(=O)c1cc(ccc1O)c2ccc(F)cc2F
CHEMBL1778636,99.25,OC(=O)COc1ccc(Cl)cc1c2cccc(c2)C#N
CHEMBL1778645,99.71,CCS(=O)(=O)c1ccc(c(C)c1)c2cc(Cl)ccc2OCC(=O)O
CHEMBL212521,91.99,CC[C@H](N)C(=O)N[C@@H](Cc1ccc(cc1)c2ccccc2)C#N
CHEMBL1778642,97.49,CS(=O)(=O)c1ccc(c(Cl)c1)c2cc(Cl)ccc2OCC(=O)O
CHEMBL1778621,93.24,CS(=O)(=O)c1ccc(cc1)c2cc(ccc2OCC(=O)O)C(F)(F)F
CHEMBL1778641,97.26,CCS(=O)(=O)c1ccc(cc1)c2cc(Cl)ccc2OCC(=O)O
CHEMBL2335881,89.7,COCCNCc1ccc(Nc2ncc3cc(ccc3n2)c4ccncc4)cc1
CHEMBL2335883,95.01,CN(C)CCNCc1ccc(Nc2ncc3cc(ccc3n2)c4ccncc4)cc1
CHEMBL2335892,98.61,COCCC(=O)NC(C)c1ccc(Nc2ncc3cc(ccc3n2)c4ccncc4)cc1
CHEMBL2335889,99.4,CC(=O)Nc1ccc(Nc2ncc3cc(ccc3n2)c4ccncc4)cc1
CHEMBL2335887,98.21,COCCC(=O)Nc1ccc(Nc2ncc3cc(ccc3n2)c4ccncc4)cc1
CHEMBL2335896,97.55,C[C@@H](NC(=O)C)c1ccc(Nc2ncc3cc(ccc3n2)c4ccncc4)cc1
CHEMBL2335876,99.6,COCCNC(=O)c1ccc(Nc2ncc3cc(ccc3n2)c4ccncc4)cc1C
CHEMBL2335895,98.7,CC(NC(=O)C)c1ccc(Nc2ncc3cc(ccc3n2)c4ccncc4)cc1
CHEMBL2335867,98.61,COCCNC(=O)c1ccc(Nc2ncc3cc(ccc3n2)c4ccncc4C)cc1
CHEMBL2335878,98.89,CN(C)CCNC(=O)c1ccc(Nc2ncc3cc(ccc3n2)c4ccncc4)cc1
CHEMBL2335888,98.09,CN(C(=O)C)c1ccc(Nc2ncc3cc(ccc3n2)c4ccncc4)cc1
CHEMBL2335866,99.8,COCCNC(=O)c1ccc(Nc2ncc3cc(ccc3n2)c4ccncc4OC)cc1
CHEMBL2335911,98.09,C[C@@H](NC(=O)C)c1ccc(Nc2ncc3cc(c(C)cc3n2)c4ccncc4)cc1
CHEMBL2335907,96.57,COc1cc(cc2cnc(Nc3ccc(cc3)[C@@H](C)NC(=O)C)nc12)c4ccncc4
CHEMBL2335864,98.29,COCCNC(=O)c1ccc(Nc2ncc3cc(ccc3n2)c4ccncc4)cc1
CHEMBL2335893,98.17,COCCC(=O)N[C@H](C)c1ccc(Nc2ncc3cc(ccc3n2)c4ccncc4)cc1
CHEMBL2335885,97.38,COCCC(=O)N(C)c1ccc(Nc2ncc3cc(ccc3n2)c4ccncc4)cc1
CHEMBL2335908,97.38,COc1cc2nc(Nc3ccc(cc3)[C@@H](C)NC(=O)C)ncc2cc1c4ccncc4
CHEMBL2335504,98.51,C[C@H](NC(=O)C)c1ccc(Nc2ncc3cc(ccc3n2)c4ccncc4)cc1
CHEMBL1824041,77.21,O=C1COc2ccc(CNC3CCN(CCN4C(=O)COc5ccc(cc45)C#N)CC3)nc2N1
CHEMBL1824043,83.04,Fc1ccc2OCC(=O)N(CCN3CCC(CC3)NCc4ccc5OCC(=O)Nc5n4)c2c1
CHEMBL1824036,85.48,CS(=O)(=O)c1ccc2OCC(=O)N(CCN3CCC(CC3)NCc4ccc5OCC(=O)Nc5n4)c2c1
CHEMBL1824039,97.91,FC(F)(F)Oc1ccc2OCC(=O)N(CCN3CCC(CC3)NCc4ccc5OCC(=O)Nc5n4)c2c1
CHEMBL1824029,88.82,CC(O)c1ccc2OCC(=O)N(CCN3CCC(CC3)NCc4ccc5OCC(=O)Nc5n4)c2c1
CHEMBL1824040,88.11,CC(=O)c1ccc2OCC(=O)N(CCN3CCC(CC3)NCc4ccc5OCC(=O)Nc5n4)c2c1
CHEMBL1824031,97.38,Brc1ccc2OCC(=O)N(CCN3CCC(CC3)NCc4ccc5OCC(=O)Nc5n4)c2c1
CHEMBL1824035,90.72,CN(C)S(=O)(=O)c1ccc2OCC(=O)N(CCN3CCC(CC3)NCc4ccc5OCC(=O)Nc5n4)c2c1
CHEMBL1824037,75.12,[O-][N+](=O)c1ccc2OCC(=O)N(CCN3CCC(CC3)NCc4ccc5OCC(=O)Nc5n4)c2c1
CHEMBL1824030,86.59,Oc1ccc2OCC(=O)N(CCN3CCC(CC3)NCc4ccc5OCC(=O)Nc5n4)c2c1
CHEMBL1824042,92.8,Clc1ccc2OCC(=O)N(CCN3CCC(CC3)NCc4ccc5OCC(=O)Nc5n4)c2c1
CHEMBL1824038,69.61,CCS(=O)(=O)c1ccc2OCC(=O)N(CCN3CCC(CC3)NCc4ccc5OCC(=O)Nc5n4)c2c1
CHEMBL1824044,88.82,COc1ccc2OCC(=O)N(CCN3CCC(CC3)NCc4ccc5OCC(=O)Nc5n4)c2c1
CHEMBL2331743,96.42,CC1=CN([C@H]2CCCN(C2)S(=O)(=O)c3ccc(C(=O)N)c(Oc4cccc(Cl)c4)c3)C(=O)NC1=O
CHEMBL2331742,96,CC1=CN([C@H]2CCCN(C2)S(=O)(=O)c3ccc(C(=O)O)c(Oc4cccc(Cl)c4)c3)C(=O)NC1=O
CHEMBL2331745,97.49,COc1ccc(cc1Oc2cccc(Cl)c2)S(=O)(=O)N3CCC[C@@H](C3)N4C=C(C)C(=O)NC4=O
CHEMBL2331748,95.43,CC1=CN([C@H]2CCCN(C2)S(=O)(=O)c3ccc(O)c(Oc4cccc(F)c4)c3)C(=O)NC1=O
CHEMBL2331751,98.61,CC1=CN([C@H]2CCCN(C2)S(=O)(=O)c3ccc(O)c(Oc4cccc(Br)c4)c3)C(=O)NC1=O
CHEMBL2331744,97.71,CC1=CN([C@H]2CCCN(C2)S(=O)(=O)c3ccc(C#N)c(Oc4cccc(Cl)c4)c3)C(=O)NC1=O
CHEMBL2331738,97.38,CC1=CN([C@H]2CCCN(C2)S(=O)(=O)c3cccc(Oc4ccccc4)c3)C(=O)NC1=O
CHEMBL2331752,98.81,CC1=CN([C@H]2CCCN(C2)S(=O)(=O)c3ccc(O)c(Oc4cc(F)cc(Cl)c4)c3)C(=O)NC1=O
CHEMBL2331746,93.8,CC1=CN([C@H]2CCCN(C2)S(=O)(=O)c3ccc(O)c(Oc4ccccc4)c3)C(=O)NC1=O
CHEMBL2331753,98.61,CC1=CN([C@H]2CCCN(C2)S(=O)(=O)c3ccc(O)c(Oc4cccc(c4)C(F)(F)F)c3)C(=O)NC1=O
CHEMBL2331749,98.61,CC1=CN([C@H]2CCCN(C2)S(=O)(=O)c3ccc(O)c(Oc4ccc(Cl)cc4)c3)C(=O)NC1=O
CHEMBL2331741,94.32,CC1=CN([C@H]2CCCN(C2)S(=O)(=O)c3ccc(C(=O)O)c(Oc4cccc(C)c4)c3)C(=O)NC1=O
CHEMBL2331754,92.64,CC1=CN([C@H]2CCCN(C2)S(=O)(=O)c3ccc(CO)c(Oc4cccc(Cl)c4)c3)C(=O)NC1=O
CHEMBL2171038,89.49,Cc1ccccc1S(=O)(=O)NC(=O)N2CCC(CC2)N3CCC(CC3)Oc4ccc(Cl)c(Cl)c4
CHEMBL2171047,82.05,Cc1ccc(cc1)S(=O)(=O)NC(=O)N2CCC(CC2)N3CCC(CC3)Oc4ccc(Cl)c(C)c4Cl
CHEMBL2171036,98.73,COc1ccc(cc1)S(=O)(=O)NC(=O)N2CCC(CC2)N3CCC(CC3)Oc4ccc(Cl)c(Cl)c4
CHEMBL2171034,80.65,Fc1ccc(cc1)S(=O)(=O)NC(=O)N2CCC(CC2)N3CCC(CC3)Oc4ccc(Cl)c(Cl)c4
CHEMBL2171039,96.93,Clc1ccc(OC2CCN(CC2)C3CCN(CC3)C(=O)NS(=O)(=O)c4ccccc4Cl)cc1Cl
CHEMBL2171033,81.36,Clc1ccc(OC2CCN(CC2)C3CCN(CC3)C(=O)NS(=O)(=O)c4ccccc4)cc1Cl
CHEMBL2171040,95.91,COc1ccccc1S(=O)(=O)NC(=O)N2CCC(CC2)N3CCC(CC3)Oc4ccc(Cl)c(Cl)c4
CHEMBL2171014,97.76,CN(C)c1ccc(cc1)S(=O)(=O)NC(=O)N2CCC(CC2)N3CCC(CC3)Oc4ccc(Cl)c(C)c4Cl
CHEMBL2171037,99.83,CN(C)c1ccc(cc1)S(=O)(=O)NC(=O)N2CCC(CC2)N3CCC(CC3)Oc4ccc(Cl)c(Cl)c4
CHEMBL2171035,67.12,Clc1ccc(cc1)S(=O)(=O)NC(=O)N2CCC(CC2)N3CCC(CC3)Oc4ccc(Cl)c(Cl)c4
CHEMBL2171041,98.25,CN(C)c1ccccc1S(=O)(=O)NC(=O)N2CCC(CC2)N3CCC(CC3)Oc4ccc(Cl)c(Cl)c4
CHEMBL2171013,98.29,CN(C(=O)N1CCC(CC1)N2CCC(CC2)Oc3ccc(Cl)c(Cl)c3)S(=O)(=O)c4ccc(C)cc4
CHEMBL2349316,99.89,CC(C)C[C@H](CO)Nc1nc(S[C@@H](C)c2ccccc2F)nc3nc(N)sc13
CHEMBL271013,95.43,C[C@H](CO)Nc1nc(SCc2ccccc2)nc3nc(N)sc13
CHEMBL380732,98.51,CC[C@H](CO)Nc1nc(SCc2cccc(F)c2F)nc3nc(N)sc13
CHEMBL274737,98.7,CC[C@H](CO)Nc1nc(SCc2ccccc2)nc3nc(N)sc13
CHEMBL397237,98.04,C[C@H](CO)Nc1nc(SCc2cccc(F)c2F)nc3nc(N)sc13
CHEMBL2349335,99.56,CC(C)C[C@H](CO)Nc1nc(SCc2ccccc2)nc3nc(N)sc13
CHEMBL429682,98.86,C[C@H](CO)Nc1nc(SCc2cccc(F)c2F)nc3nc(NS(=O)(=O)C)sc13
CHEMBL395340,99.6,CC[C@H](CO)Nc1nc(SCc2cccc(F)c2F)nc3nc(NC(C)C)sc13
CHEMBL2349329,99.14,CC(C)C[C@H](CO)Nc1nc(SCc2cccc(c2)C#N)nc3nc(N)sc13
CHEMBL389792,87.11,CC(CO)(CO)Nc1nc(SCc2cccc(F)c2F)nc3nc(N)sc13
CHEMBL383235,96.65,CC[C@@H](CO)Nc1nc(SCc2ccccc2)nc3nc(N)sc13
CHEMBL1916281,98.73,CC(NC(=O)c1c(C)nn(c1NS(=O)(=O)c2ccc(C)cc2)c3ccccc3)C(C)(C)C
CHEMBL1916283,99.19,C[C@@H](NC(=O)c1c(C)nn(c1NS(=O)(=O)c2ccc(C)cc2)c3ccccc3)C(C)(C)C
CHEMBL1916282,98.89,C[C@H](NC(=O)c1c(C)nn(c1NS(=O)(=O)c2ccc(C)cc2)c3ccccc3)C(C)(C)C
CHEMBL1916279,99.18,Cc1ccc(cc1)S(=O)(=O)Nc2c(C(=O)NCC(C)(C)C)c(C)nn2c3ccccc3
CHEMBL1109,99.41,Nc1ccc(cc1)S(=O)(=O)Nc2ccnn2c3ccccc3
CHEMBL1916280,99.41,CCC(C)NC(=O)c1c(C)nn(c1NS(=O)(=O)c2ccc(C)cc2)c3ccccc3
CHEMBL1916272,99.51,CCC(CC)NC(=O)c1c(C)nn(c1NS(=O)(=O)c2ccc(C)cc2)c3ccccc3
CHEMBL1916289,98.64,C[C@H](NC(=O)c1c(C)nn(c1NS(=O)(=O)c2ccc(cc2)C(F)(F)F)c3ccc(F)cc3)C(C)(C)C
CHEMBL1916288,95.63,C[C@H](NC(=O)c1c(C)nn(c1NS(=O)(=O)c2ccc(cc2)C#N)c3ccc(F)cc3)C(C)(C)C
CHEMBL1916082,98.61,CCC(CC)NC(=O)c1cnn(c1NS(=O)(=O)c2ccc(C)cc2)c3ccccc3
CHEMBL1916284,99.57,C[C@H](NC(=O)c1c(NS(=O)(=O)c2ccc(C)cc2)n(nc1C(F)(F)F)c3ccccc3)C(C)(C)C
CHEMBL2178951,94.32,Cc1ncc(nc1c2ccc(cc2)[C@@H]3CC[C@@H](CC(=O)O)CC3)C(=O)N
CHEMBL2178931,97.81,CC(C)c1nc(C)c(nc1c2ccc(cc2)[C@@H]3CC[C@@H](CC(=O)O)CC3)C(=O)N
CHEMBL2178390,97.38,CC(C)c1nc(C)c(nc1C(=O)N)c2ccc(cc2)[C@@H]3CC[C@@H](CC(=O)O)CC3
CHEMBL2178937,92.16,Cc1nc(C)c(nc1C(=O)N)c2ccc(cc2)[C@@H]3CC[C@@H](CC(=O)NC(C)(C)C(=O)O)CC3
CHEMBL2178388,94.56,Cc1nc(C(F)F)c(nc1c2ccc(cc2)[C@@H]3CC[C@@H](CC(=O)O)CC3)C(=O)N
CHEMBL2178933,97,Cc1nc(C)c(nc1C(=O)N)c2ccc(cc2)[C@@H]3CC[C@@H](CCO)CC3
CHEMBL2178935,87.11,Cc1nc(C)c(nc1C(=O)N)c2ccc(cc2)[C@@H]3CC[C@@H](CC(=O)N)CC3
CHEMBL2178952,96.5,NC(=O)c1cncc(n1)c2ccc(cc2)[C@@H]3CC[C@@H](CC(=O)O)CC3
CHEMBL2178934,97.2,NC(=O)c1cncc(n1)c2ccc(cc2)[C@@H]3CC[C@@H](CCO)CC3
CHEMBL2178384,97.2,Cc1ncc(nc1c2ccc(cc2)[C@@H]3CC[C@@H](CC(=O)O)CC3)C(=S)N
CHEMBL2178939,89.05,Cc1nc(C)c(nc1C(=O)N)c2ccc(cc2)[C@@H]3CC[C@@H](CC(=O)NS(=O)(=O)C)CC3
CHEMBL2158841,88.59,OC(=O)[C@H](Cc1ccc(F)cc1)N2CCC(CN3CCC(CC3)Oc4ccc(Cl)c(Cl)c4)CC2
CHEMBL2158836,68.63,OC(=O)[C@@H](Cc1ccccc1)N2CCC(CN3CCC(CC3)Oc4ccc(Cl)c(Cl)c4)CC2
CHEMBL2158792,78.79,Cc1cc(OC2CCN(CC3CCN(CC3)[C@@](C)(Cc4ccc(F)cc4)C(=O)O)CC2)ccc1Cl
CHEMBL2158771,94.79,OC(=O)[C@H](Cc1ccc(cc1)C#N)N2CCC(CN3CCC(CC3)Oc4ccc(Cl)c(Cl)c4)CC2
CHEMBL2158785,94.06,Cc1c(Cl)c(ccc1OC2CCN(CC3CCN(CC3)[C@@H](Cc4ccc(F)cc4)C(=O)O)CC2)C#N
CHEMBL2158769,90.91,OC(=O)[C@H](Cc1ccccc1C#N)N2CCC(CN3CCC(CC3)Oc4ccc(Cl)c(Cl)c4)CC2
CHEMBL2158790,96.79,Cc1c(Cl)c(Cl)ccc1OC2CCN(CC3CCN(CC3)[C@@](C)(Cc4ccc(F)cc4)C(=O)O)CC2
CHEMBL2158772,91.64,Cc1ccccc1C[C@H](N2CCC(CN3CCC(CC3)Oc4ccc(Cl)c(Cl)c4)CC2)C(=O)O
CHEMBL2158783,96.26,Cc1c(Cl)ccc(OC2CCN(CC3CCN(CC3)[C@@H](Cc4ccc(F)cc4)C(=O)O)CC2)c1Cl
CHEMBL2158839,88.59,OC(=O)[C@H](Cc1ccccc1F)N2CCC(CN3CCC(CC3)Oc4ccc(Cl)c(Cl)c4)CC2
CHEMBL2158793,53.45,Cc1cc(F)ccc1OC2CCN(CC3CCN(CC3)[C@@](C)(Cc4ccc(F)cc4)C(=O)O)CC2
CHEMBL213854,99.1,Cc1ccc2c(c1)c(c(C)n2CC(=O)O)c3ccnc4c(F)cccc34
CHEMBL213495,98.29,Cc1ccc2c(c1)c(c(C)n2CC(=O)O)c3ccnc4c(cccc34)C#N
CHEMBL214350,99.62,Cc1ccc2c(c1)c(c(C)n2CC(=O)O)c3ccnc4c(cccc34)C(F)(F)F
CHEMBL212777,99.82,Cc1ccc2c(c1)c(c(C)n2CC(=O)O)c3ccnc4cc(Cl)ccc34
CHEMBL209689,99.51,Cc1ccc2c(c1)c(c(C)n2CC(=O)O)c3ccnc4c(C)cccc34
CHEMBL211631,98.21,COc1cccc2c(ccnc12)c3c(C)n(CC(=O)O)c4ccc(C)cc34
CHEMBL378730,99.44,Cc1ccc2c(c1)c(c(C)n2CC(=O)O)c3ccnc4c(Cl)cccc34
CHEMBL211677,99.6,Cc1ccc2c(c1)c(c(C)n2CC(=O)O)c3cc(C)nc4ccccc34
CHEMBL213494,93.94,Cc1ccc2c(c1)c(c(C)n2CC(=O)O)c3ccnc4c(cccc34)S(=O)(=O)C
CHEMBL379828,99.69,COc1ccc2c(c1)c(c(C)n2CC(=O)O)c3ccnc4cc(Cl)ccc34
CHEMBL214304,99.64,Cc1ccc2c(c1)c(c(C)n2CC(=O)O)c3ccnc4cc(ccc34)C(F)(F)F
CHEMBL521262,94.56,COc1cc2c(Nc3cccc(Cl)c3Cl)c(cnc2cc1NCCN(C)C)C(=O)N
CHEMBL481230,67.12,COc1cc2c(Nc3ccc(F)c(Cl)c3)c(cnc2cc1OCCN(C)CCO)C(=O)N
CHEMBL480057,99.19,COc1cc2ncc(C(=O)N)c(Nc3ccccc3C)c2cc1OC
CHEMBL479445,55.73,COc1cc2ncc(C(=O)N)c(Nc3ccc(F)cc3F)c2cc1NCCN(C)C
CHEMBL452664,89.7,COc1cc2ncc(C(=O)N)c(Nc3cccc(Cl)c3Cl)c2cc1NCCN(C)C
CHEMBL480814,95.82,CCOc1cc2ncc(C(=O)N)c(Nc3cccc(Cl)c3Cl)c2cc1NCCN(C)C
CHEMBL479447,55.73,COc1cc2c(Nc3ccc(F)cc3F)c(cnc2cc1NCCN(C)C)C(=O)N
CHEMBL480825,94.56,COc1cc2ncc(C(=O)N)c(Nc3cc(F)ccc3F)c2cc1OC
CHEMBL516601,98.81,COc1cc2ncc(C(=O)N)c(Nc3ccc(C)cc3F)c2cc1OC
CHEMBL521248,96.42,COc1cc2ncc(C(=O)N)c(Nc3cc(C)ccc3F)c2cc1OC
CHEMBL2207283,92.32,Cc1c(Cl)ccc(OC2CCN(C[C@H](O)CNC(=O)C3=CNC(=O)c4ccc(cc34)S(=O)(=O)C)CC2)c1Cl
CHEMBL2207284,91.46,CNS(=O)(=O)c1ccc2C(=CNC(=O)c2c1)C(=O)NC[C@@H](O)CN3CCC(CC3)Oc4ccc(Cl)c(Cl)c4
CHEMBL2207280,95.01,O[C@H](CNC(=O)C1=CNC(=O)c2ccc(F)cc12)CN3CCC(CC3)Oc4ccc(Cl)c(Cl)c4
CHEMBL2207667,78.79,NC(=O)c1c(Cl)c(Cl)ccc1OC2CCN(C[C@H](O)CNC(=O)C3=CNC(=O)c4ccccc34)CC2
CHEMBL2207670,68.13,CS(=O)(=O)c1ccc2C(=CNC(=O)c2c1)C(=O)NC[C@@H](O)CN3CCC(CC3)Oc4ccc(C#N)c(Cl)c4
CHEMBL2207281,87.62,OCCNS(=O)(=O)c1ccc2C(=CNC(=O)c2c1)C(=O)NC[C@@H](O)CN3CCC(CC3)Oc4ccc(Cl)c(Cl)c4
CHEMBL2207278,98.92,O[C@H](CNC(=O)C1=CNC(=O)c2cc(F)ccc12)CN3CCC(CC3)Oc4ccc(Cl)c(Cl)c4
CHEMBL2207666,98.17,O[C@H](CNC(=O)C1=CNC(=O)c2ccccc12)CN3CCC(CC3)Oc4ccc(Cl)c(Cl)c4
CHEMBL2207671,90.32,CS(=O)(=O)c1ccc2C(=CNC(=O)c2c1)C(=O)NC[C@@H](O)CN3CCC(CC3)Oc4ccc(Cl)c(Cl)c4
CHEMBL2207669,80.29,O[C@H](CNC(=O)C1=CNC(=O)c2ccccc12)CN3CCC(CC3)Oc4ccc(C#N)c(Cl)c4
CHEMBL1288278,73.81,NC(=O)c1ccc(cc1)c2cc3c(N[C@H]4CCCNC4)ncc(C(=O)N)c3s2
CHEMBL1288221,99.61,NC(=O)c1cnc(N[C@H]2CCCNC2)c3cc(sc13)c4ccc(F)c(Cl)c4
CHEMBL1231626,99.19,NC(=O)c1cnc(N[C@H]2CCCNC2)c3cc(sc13)c4ccc(Cl)cc4
CHEMBL1288009,93.39,COc1ccc(cc1)c2cc3c(N[C@H]4CCCNC4)ncc(C(=O)N)c3s2
CHEMBL1288103,98.94,NC(=O)c1cnc(N[C@H]2CCCNC2)c3cc(sc13)c4ccc(Cl)c(F)c4
CHEMBL1287979,95.63,COc1cccc(c1)c2cc3c(N[C@H]4CCCNC4)ncc(C(=O)N)c3s2
CHEMBL1287892,98.09,NC(=O)c1cnc(N[C@H]2CCCNC2)c3cc(sc13)c4ccc(F)c(F)c4
CHEMBL1288102,95.33,NC(=O)c1cnc(N[C@H]2CCCNC2)c3cc(sc13)c4ccc(F)cc4F
CHEMBL1288164,97.38,NC(=O)c1cnc(N[C@H]2CCCNC2)c3cc(sc13)c4ccc(F)cc4
CHEMBL1650697,52.88,C[C@H](Nc1ncc(F)c(Nc2cc(C)[nH]n2)n1)c3ncc(F)cn3
CHEMBL1650730,89.49,C[C@H](Nc1ncc(Cl)c(Nc2cc([nH]n2)N(C)C)n1)c3ncc(F)cn3
CHEMBL1650729,91.46,C[C@H](Nc1ncc(Br)c(Nc2cc(C)[nH]n2)n1)c3ncc(F)cn3
CHEMBL1650731,78.01,C[C@H](Nc1ncc(F)c(Nc2cc([nH]n2)N(C)C)n1)c3ncc(F)cn3
CHEMBL1650723,87.87,COc1cc(Nc2nc(N[C@@H](C)c3ncc(F)cn3)ncc2Cl)n[nH]1
CHEMBL455920,88.82,CC(C)Oc1cc(Nc2nc(N[C@@H](C)c3ncc(F)cn3)ncc2Cl)n[nH]1
CHEMBL1650725,71.99,C[C@H](Nc1ncc(C)c(Nc2cc(C)[nH]n2)n1)c3ncc(F)cn3
CHEMBL1650728,87.62,COc1cc(Nc2nc(N[C@@H](C)c3ncc(F)cn3)ncc2Br)n[nH]1
CHEMBL462132,99.6,Cc1ncc(NC(=O)c2cc(NC(=O)c3cccc(c3)C(F)(F)F)ccc2Cl)s1
CHEMBL459675,99.65,Cc1ncc(NC(=O)c2cc(NC(=O)c3cc(F)cc(c3)C(F)(F)F)ccc2Cl)s1
CHEMBL462133,99.8,Cc1ncc(NC(=O)c2cc(NC(=O)c3cccc(Cl)c3)ccc2Cl)s1
CHEMBL461574,98.81,Cc1ccc(NC(=O)c2cccc(c2)C(F)(F)F)cc1C(=O)Nc3cnc(C)s3
CHEMBL517437,99.6,FC(F)(F)c1cccc(c1)C(=O)Nc2ccc(Cl)c(c2)C(=O)Nc3cncs3
CHEMBL513588,99.6,Cc1ncc(NC(=O)c2cc(NC(=O)c3cc(F)cc(Cl)c3)ccc2Cl)s1
CHEMBL461572,99.8,Clc1cccc(c1)C(=O)Nc2ccc(Cl)c(c2)C(=O)Nc3cncs3
CHEMBL461573,99.6,Cc1cc(C)cc(c1)C(=O)Nc2ccc(Cl)c(c2)C(=O)Nc3cncs3
CHEMBL1683032,89.27,CCOc1cc2nnc(C(=O)N)c(Nc3cc(C)ccc3F)c2cc1N4CCN(C)CC4
CHEMBL1683036,93.67,COc1cc2nnc(C(=O)N)c(Nc3ccc(C)cc3F)c2cc1N4CCN(C)CC4
CHEMBL1683033,98.09,CCOc1cc2nnc(C(=O)N)c(Nc3cccc(Cl)c3F)c2cc1N4CCN(C)CC4
CHEMBL1683035,90.52,COc1cc2nnc(C(=O)N)c(Nc3ccc(F)cc3F)c2cc1N4CCN(C)CC4
CHEMBL1683030,96.17,CCOc1cc2nnc(C(=O)N)c(Nc3ccc(F)cc3F)c2cc1N4CCN(C)CC4
CHEMBL1683037,92.95,COc1cc2nnc(C(=O)N)c(Nc3cc(C)ccc3F)c2cc1N4CCN(C)CC4
CHEMBL1683031,98.4,CCOc1cc2nnc(C(=O)N)c(Nc3ccc(C)cc3F)c2cc1N4CCN(C)CC4
CHEMBL1683038,92.16,COc1cc2nnc(C(=O)N)c(Nc3cccc(Cl)c3F)c2cc1N4CCN(C)CC4
CHEMBL1934269,98.58,C[C@H](NC(=O)c1c(C)nn(CC(F)(F)F)c1NS(=O)(=O)c2ccc(C)cc2)C(C)(C)C
CHEMBL1934268,98.37,CCn1nc(C)c(C(=O)N[C@@H](C)C(C)(C)C)c1NS(=O)(=O)c2ccc(C)cc2
CHEMBL1934266,96.5,CCC(CC)NC(=O)c1c(C)nn(C(C)C)c1NS(=O)(=O)c2ccc(C)cc2
CHEMBL1934271,98,CCC(CC)n1nc(C)c(C(=O)N[C@@H](C)C(C)(C)C)c1NS(=O)(=O)c2ccc(C)cc2
CHEMBL1934267,95.43,CC(C)n1nc(C)c(C(=O)N[C@@H](C)C(C)(C)C)c1NS(=O)(=O)c2ccc(C)cc2
CHEMBL1934416,91.64,COCC(C)n1nc(C)c(C(=O)N[C@@H](C)C(C)(C)C)c1NS(=O)(=O)c2ccc(C)cc2
CHEMBL1934417,89.91,COCCC(C)n1nc(C)c(C(=O)N[C@@H](C)C(C)(C)C)c1NS(=O)(=O)c2ccc(C)cc2
CHEMBL1951074,69.12,COc1cc(OC)c(cc1NC(=S)NCC(=O)O)S(=O)(=O)N2C(C)CCc3ccccc23
CHEMBL1951077,73.36,COc1cc(OC)c(cc1NC(=O)COCC(=O)O)S(=O)(=O)N2C(C)CCc3ccccc23
CHEMBL1951079,81.36,COc1cc(OC)c(cc1NC(=O)CCC(=O)O)S(=O)(=O)N2C(C)CCc3ccccc23
CHEMBL1951075,71.99,COc1cc(OC)c(cc1NC(=O)NCC(=O)O)S(=O)(=O)N2C(C)CCc3ccccc23
CHEMBL1951080,87.37,COc1cc(OC)c(cc1NC(=O)CSCC(=O)O)S(=O)(=O)N2C(C)CCc3ccccc23
CHEMBL2207596,95.63,COc1cc(O)c(cc1NC(=O)CCC(=O)O)S(=O)(=O)N2C(C)CCc3ccccc23
CHEMBL1951073,97.2,COc1cc(OC)c(cc1NC(=O)C)S(=O)(=O)N2C(C)CCc3ccccc23
CHEMBL2059196,88.35,CCNC(=O)c1cc2c(c(cnc2[nH]1)c3cncc(c3)C(=O)O)n4ccc(n4)C(F)(F)F
CHEMBL2059377,91.1,CCNC(=O)c1cc2c(c(cnc2[nH]1)c3cncc(c3)C#N)n4ccc(n4)C(F)(F)F
CHEMBL2059376,85.19,CCNC(=O)c1cc2c(c(cnc2[nH]1)c3cncc(c3)C(=O)NC)n4ccc(n4)C(F)(F)F
CHEMBL2059198,77.21,CC(C)NC(=O)c1cc2c(c(cnc2[nH]1)c3cncc(c3)C(=O)O)n4ccc(n4)C(F)(F)F
CHEMBL2059197,92.32,CCCNC(=O)c1cc2c(c(cnc2[nH]1)c3cncc(c3)C(=O)O)n4ccc(n4)C(F)(F)F
CHEMBL2059375,64.01,CCNC(=O)c1cc2c(c(cnc2[nH]1)c3cncc(c3)C(=O)N)n4ccc(n4)C(F)(F)F
CHEMBL2059374,54.59,CCNC(=O)c1cc2c(c(cnc2[nH]1)c3cncc(c3)C(=O)O)n4nc(cc4C)C(F)(F)F
CHEMBL1950852,74.25,CN[C@@H](C)C(=O)N[C@H](C(=O)N[C@H]1CCCN(CCc2ccccc2OC)C1)C(C)(C)C
CHEMBL1950860,90.72,CN[C@@H](C)C(=O)N[C@H](C(=O)N[C@H]1CCCN(CCc2ccc(cc2)C(F)(F)F)C1)C(C)(C)C
CHEMBL1950856,97.71,CN[C@@H](C)C(=O)N[C@H](C(=O)N[C@H]1CCCN(CCc2ccc(Br)cc2)C1)C(C)(C)C
CHEMBL1950842,49.42,CN[C@@H](C)C(=O)N[C@H](C(=O)N[C@H]1CCCN(CCc2ccccc2)C1)C(C)(C)C
CHEMBL1950855,97.07,CN[C@@H](C)C(=O)N[C@H](C(=O)N[C@H]1CCCN(CCc2ccc(Cl)cc2)C1)C(C)(C)C
CHEMBL1950851,92.16,CN[C@@H](C)C(=O)N[C@H](C(=O)N[C@H]1CCCN(CCc2ccc(F)cc2)C1)C(C)(C)C
CHEMBL1950859,73.81,CN[C@@H](C)C(=O)N[C@H](C(=O)N[C@H]1CCCN(CCc2ccc(cc2)[N+](=O)[O-])C1)C(C)(C)C
CHEMBL2164043,96.79,Fc1cnc(CCN2C(C(=O)NCc3ccc(F)c(OC(F)(F)F)c3)c4ccccc4C2=O)nc1
CHEMBL2164364,91.82,FC(F)(F)Oc1ccc(CNC(=O)C2N(CCc3ncccn3)C(=O)c4ccccc24)cc1
CHEMBL2164042,95.53,Fc1cnc(CCN2C(C(=O)NCc3cccc(OC(F)(F)F)c3)c4ccccc4C2=O)nc1
CHEMBL2164366,95.23,Fc1cnc(CCN2C(C(=O)NCc3ccc(OC(F)(F)F)cc3)c4ccccc4C2=O)nc1
CHEMBL2164044,95.23,Fc1cnc(CCN2C(C(=O)NCc3ccc(F)c(c3)C(F)(F)F)c4ccccc4C2=O)nc1
CHEMBL2164045,98.21,Oc1cccc2C(N(CCc3ncc(F)cn3)C(=O)c12)C(=O)NCc4ccc(OC(F)(F)F)cc4
CHEMBL2349334,99.84,CC[C@H](CO)Nc1nc(SCc2ccccc2)nc3NC(=O)Sc13
CHEMBL2349321,99.8,CC(C)C[C@H](CO)Nc1nc(SCc2ccccc2)nc3NC(=O)Sc13
CHEMBL2349318,99.93,CCC[C@H](CO)Nc1nc(S[C@@H](C)c2cccc(c2)C#N)nc3NC(=O)Sc13
CHEMBL402986,99.71,C[C@H](CO)Nc1nc(SCc2ccccc2)nc3NC(=O)Sc13
CHEMBL271012,99.86,C[C@H](CO)Nc1nc(SCc2ccccc2F)nc3NC(=O)Sc13
CHEMBL2349312,99.9,CC(C)C[C@H](CO)Nc1nc(S[C@@H](C)c2ccccc2)nc3NC(=O)Sc13
CHEMBL1951187,91.28,COc1cc(OC)c(cc1NC(=O)CCC(=O)O)S(=O)(=O)NCc2ccccc2N3CCC(CC(=O)O)CC3
CHEMBL1951186,80.65,COc1cc(OC)c(cc1NC(=O)CCC(=O)O)S(=O)(=O)NCc2ccccc2N3CCC(CC3)C(=O)O
CHEMBL1951183,59.66,COc1cc(OC)c(cc1NC(=O)CCC(=O)O)S(=O)(=O)NCc2ccccc2N3CCC(CO)CC3
CHEMBL1951184,84.9,COc1cc(OC)c(cc1NC(=O)CCC(=O)O)S(=O)(=O)NCc2ccccc2N3CCC(COC(=O)CCC(=O)O)CC3
CHEMBL1951181,87.37,COc1cc(OC)c(cc1NC(=O)C)S(=O)(=O)NCc2ccccc2N3CCC(CO)CC3
CHEMBL1951182,69.61,COc1cc(OC)c(cc1NC(=O)CCC(=O)O)S(=O)(=O)NCc2ccccc2N3CCCCC3
CHEMBL1650736,74.69,COc1cc(Nc2nc(N[C@@H](C)c3ncc(F)cn3)nc(N4CCOCC4)c2F)n[nH]1
CHEMBL1650737,92.16,COc1cc(Nc2nc(N[C@@H](C)c3ncc(F)cn3)nc(N4CCOCC4)c2Cl)n[nH]1
CHEMBL1650734,77.21,C[C@H](Nc1nc(Nc2cc(C)[nH]n2)c(Cl)c(n1)N3CCOCC3)c4ncc(F)cn4
CHEMBL1650732,45.98,C[C@H](Nc1nc(Nc2cc(C)[nH]n2)cc(n1)N3CCOCC3)c4ncc(F)cn4
CHEMBL1650733,91.64,C[C@H](Nc1nc(Nc2cc(C)[nH]n2)c(F)c(n1)N3CCOCC3)c4ncc(F)cn4
CHEMBL1650735,72.45,COc1cc(Nc2cc(nc(N[C@@H](C)c3ncc(F)cn3)n2)N4CCOCC4)n[nH]1
CHEMBL1090941,88.82,CCCCCCCC(=O)N[C@@H](CCN)C(=O)N[C@@H]([C@@H](C)O)C(=O)N[C@@H](C)C(=O)N[C@H]1CCNC(=O)[C@@H](NC(=O)[C@H](CCN)NC(=O)[C@H](CCN)NC(=O)[C@H](CC(C)C)NC(=O)[C@@H](Cc2ccccc2)NC(=O)[C@H](CCN)NC1=O)[C@@H](C)O
CHEMBL1090940,92.32,CCCCCCCC(=O)N[C@@H](CCN)C(=O)N[C@@H](C)C(=O)N[C@@H](CCN)C(=O)N[C@H]1CCNC(=O)[C@@H](NC(=O)[C@H](CCN)NC(=O)[C@H](CCN)NC(=O)[C@H](CC(C)C)NC(=O)[C@@H](Cc2ccccc2)NC(=O)[C@H](CCN)NC1=O)[C@@H](C)O
CHEMBL1091289,86.85,CCCCCCCC(=O)N[C@@H](CCN)C(=O)N[C@@H]([C@@H](C)O)C(=O)N[C@@H](CCN)C(=O)N[C@H]1CCNC(=O)[C@@H](NC(=O)[C@H](C)NC(=O)[C@H](CCN)NC(=O)[C@H](CC(C)C)NC(=O)[C@@H](Cc2ccccc2)NC(=O)[C@H](CCN)NC1=O)[C@@H](C)O
CHEMBL1091291,94.19,CCCCCCCC(=O)N[C@@H](CCN)C(=O)N[C@@H]([C@@H](C)O)C(=O)N[C@@H](CCN)C(=O)N[C@H]1CCNC(=O)[C@H](C)NC(=O)[C@H](CCN)NC(=O)[C@H](CCN)NC(=O)[C@H](CC(C)C)NC(=O)[C@@H](Cc2ccccc2)NC(=O)[C@H](CCN)NC1=O
CHEMBL1091678,64.54,CC(C)C[C@@H]1NC(=O)[C@@H](Cc2ccccc2)NC(=O)[C@H](CCN)NC(=O)[C@H](CCNC(=O)[C@@H](NC(=O)[C@H](CCN)NC(=O)[C@H](CCN)NC1=O)[C@@H](C)O)NC(=O)[C@H](CCN)NC(=O)[C@@H](NC(=O)[C@H](CCN)NC(=O)C)[C@@H](C)O
CHEMBL1090630,89.27,CCCCCCCC(=O)N[C@@H](C)C(=O)N[C@@H]([C@@H](C)O)C(=O)N[C@@H](CCN)C(=O)N[C@H]1CCNC(=O)[C@@H](NC(=O)[C@H](CCN)NC(=O)[C@H](CCN)NC(=O)[C@H](CC(C)C)NC(=O)[C@@H](Cc2ccccc2)NC(=O)[C@H](CCN)NC1=O)[C@@H](C)O
CHEMBL2071491,95.82,CC(C)C(NC(=O)c1ccccc1)C(=O)c2ccc(cc2)[N+](=O)[O-]
CHEMBL2071507,97.38,CC(C)C(NC(=O)c1cc(Cl)ccc1C(F)(F)F)C(=O)c2ccc(cc2)C#N
CHEMBL2071592,99.4,CC(C)(C)C(NC(=O)c1ccccc1)C(=O)c2ccc(Cl)cc2
CHEMBL2071498,90.72,CC(C)C(NC(=O)c1ccccc1)C(=O)c2ccc(cc2)C#N
CHEMBL2071601,98.81,CC(C)C(NC(=O)c1cc(Cl)ccc1C(F)(F)F)C(=O)c2ccc(cc2)[N+](=O)[O-]
CHEMBL2071493,95.01,CC(C)C(NC(=O)c1ccccc1)C(=O)c2ccc(F)cc2
CHEMBL514670,98.4,Cc1ccc(NC(=O)c2cccc(c2)C(F)(F)F)cc1C(=O)Nc3cnc(N)c(Cl)c3
CHEMBL475865,98.81,Cc1ccc(NC(=O)c2ccc(Cl)c(c2)C(F)(F)F)cc1C(=O)Nc3cccnc3
CHEMBL475799,96.09,Cc1ccc(NC(=O)c2cccc(c2)C(C)(C)C#N)cc1C(=O)Nc3cnc(N)c(Cl)c3
CHEMBL510386,99.7,FC(F)(F)c1cccc(c1)C(=O)Nc2ccc(Cl)c(c2)C(=O)Nc3cccnc3
CHEMBL461950,98.29,Clc1cccc(c1)C(=O)Nc2ccc(Cl)c(c2)C(=O)Nc3cccnc3
CHEMBL473622,97.49,COc1cncc(NC(=O)c2cc(NC(=O)c3cccc(c3)C(C)(C)C#N)ccc2C)c1
CHEMBL2158826,96.72,OC(=O)Cc1cccc(c1)N2CCC(CN3CCC(CC3)Oc4ccc(Cl)c(Cl)c4)CC2
CHEMBL2158827,98,OC(=O)Cc1ccc(cc1)N2CCC(CN3CCC(CC3)Oc4ccc(Cl)c(Cl)c4)CC2
CHEMBL2158829,97.32,OC(=O)COc1cccc(c1)N2CCC(CN3CCC(CC3)Oc4ccc(Cl)c(Cl)c4)CC2
CHEMBL2158822,82.05,OC(=O)c1ccccc1N2CCC(CN3CCC(CC3)Oc4ccc(Cl)c(Cl)c4)CC2
CHEMBL2158825,99.4,OC(=O)Cc1ccccc1N2CCC(CN3CCC(CC3)Oc4ccc(Cl)c(Cl)c4)CC2
CHEMBL2158828,98.86,OC(=O)COc1ccccc1N2CCC(CN3CCC(CC3)Oc4ccc(Cl)c(Cl)c4)CC2
CHEMBL2062577,97.49,CN(C(=O)C)c1ccc2ccn(c3cc(NC4CC4)n5ncc(C#N)c5n3)c2c1
CHEMBL2062569,97.91,CC(=O)Nc1cc2c(ccn2c3cc(NC4CC4)n5ncc(C#N)c5n3)cc1C
CHEMBL2062563,98.61,CC(=O)Nc1ccc2ccn(c3cc(NC4CC4)n5ncc(C#N)c5n3)c2c1
CHEMBL2062578,98.09,OCc1ccc2ccn(c3cc(NC4CC4)n5ncc(C#N)c5n3)c2c1
CHEMBL2062579,98.21,CS(=O)(=O)Cc1ccc2ccn(c3cc(NC4CC4)n5ncc(C#N)c5n3)c2c1
CHEMBL1689119,97.26,C[C@H]1CN(Cc2cc(Cl)ccc2OCC(=O)O)CCN1S(=O)(=O)c3ccccc3
CHEMBL1689117,98.99,OC(=O)COc1ccc(Cl)cc1CN2CCN(CC2)S(=O)(=O)c3ccc(F)cc3
CHEMBL1689109,96.17,OC(=O)COc1ccc(Cl)cc1CN2CCN(CC2)S(=O)(=O)c3ccccc3
CHEMBL1689120,99.49,C[C@@H]1CN(Cc2cc(Cl)ccc2OCC(=O)O)CCN1S(=O)(=O)c3ccccc3
CHEMBL1689123,99.31,CC[C@H]1CN(Cc2cc(Cl)ccc2OCC(=O)O)CCN1S(=O)(=O)c3ccccc3
CHEMBL1949685,67.12,CN[C@@H](C)C(=O)N[C@@H](C1CCCCC1)C(=O)N[C@H]2CCCN(CCc3ccccc3)C2
CHEMBL1950848,73.81,CN[C@@H](C)C(=O)N[C@@H](C1CCCCC1)C(=O)N[C@H]2CCCN(CCc3ccccc3F)C2
CHEMBL1950843,73.36,CN[C@@H](C)C(=O)N[C@@H](C1CCCCC1)C(=O)N(C)[C@H]2CCCN(CCc3ccccc3)C2
CHEMBL1950849,71.99,CN[C@@H](C)C(=O)N[C@@H](C1CCCCC1)C(=O)N[C@H]2CCCN(CCc3cccc(F)c3)C2
CHEMBL1950850,73.36,CN[C@@H](C)C(=O)N[C@@H](C1CCCCC1)C(=O)N[C@H]2CCCN(CCc3ccc(F)cc3)C2
CHEMBL1683025,95.53,COc1cc2nnc(C(=O)N)c(Nc3ccc(F)cc3F)c2cc1OC
CHEMBL1683027,96.87,COc1cc2nnc(C(=O)N)c(Nc3cc(C)ccc3F)c2cc1OC
CHEMBL1683028,97.81,COc1cc2nnc(C(=O)N)c(Nc3cccc(Cl)c3F)c2cc1OC
CHEMBL1683026,96.72,COc1cc2nnc(C(=O)N)c(Nc3ccc(C)cc3F)c2cc1OC
CHEMBL1683029,98.81,COc1cc2nnc(C(=O)N)c(Nc3cccc(Cl)c3Cl)c2cc1OC
CHEMBL2164741,79.17,O[C@H]1CN(CCN2C(=O)C=Cc3ccc(cc23)C#N)CC[C@H]1NCc4cc5OCCOc5cn4
CHEMBL1916540,88.59,COc1ccc2C(=CC(=O)N(CCN3CCC(CC3)NCc4cc5OCCOc5cn4)c2c1)C
CHEMBL1916539,69.12,COc1ccc2C=CC(=O)N(CCN3CCC(CC3)NCc4cc5OCCOc5cn4)c2c1
CHEMBL2165058,84,CO[C@H]1CN(CCN2C(=O)C=Cc3ccc(cc23)C#N)CC[C@@H]1NCc4cc5OCCOc5cn4
CHEMBL2165054,51.73,CO[C@H]1CN(CCN2C(=O)C=Cc3ccc(cc23)C#N)CC[C@H]1NCc4cc5OCCOc5cn4
CHEMBL2165177,94.32,CN(Cc1cccc2ccccc12)C3=CC(=NC(=O)N3)N4CCOCC4
CHEMBL2165180,86.05,OCCN(Cc1cccc2ccccc12)C3=CC(=NC(=O)N3)N4CCOCC4
CHEMBL2165187,66.1,CN(C)CCN(Cc1cccc2ccccc12)C3=CC(=NC(=O)N3)N4CCOCC4
CHEMBL2165178,96.42,CCN(Cc1cccc2ccccc12)C3=CC(=NC(=O)N3)N4CCOCC4
CHEMBL2165189,84,C[C@H]1CN(CCO1)C2=NC(=O)NC(=C2)N(CCO)Cc3cccc4ccccc34
CHEMBL477548,97.49,CC(C)Cc1c(C(=O)C(=O)N)c2c(OCC(=O)NS(=O)(=O)C)cccc2n1Cc3ccccc3
CHEMBL149434,84.9,CCc1c(C(=O)C(=O)N)c2c(OCC(=O)N)cccc2n1Cc3ccccc3
CHEMBL148674,87.62,CCc1c(C(=O)C(=O)N)c2c(OCC(=O)O)cccc2n1Cc3ccccc3
CHEMBL1775161,98.09,OC(=O)c1cn(Cc2ccccc2)c3ccccc13
CHEMBL504813,96.87,CC(C)Cc1c(C(=O)C(=O)N)c2c(OCC(=O)O)cccc2n1Cc3ccccc3
CHEMBL2164746,86.32,COc1ccc2N=CC(=O)N(CCN3CC[C@H](NCc4ccc5OCC(=O)Nc5n4)[C@H](O)C3)c2c1
CHEMBL2165067,75.55,COc1ccc2N=CC(=O)N(CCN3CC[C@@H](NCc4ccc5OCC(=O)Nc5n4)[C@@H](F)C3)c2c1
CHEMBL2165057,71.99,CO[C@H]1CN(CCN2C(=O)C=Nc3ccc(OC)cc23)CC[C@H]1NCc4ccc5OCC(=O)Nc5n4
CHEMBL2165061,82.05,CO[C@@H]1CN(CCN2C(=O)C=Nc3ccc(OC)cc23)CC[C@H]1NCc4ccc5OCC(=O)Nc5n4
CHEMBL2164747,94.68,COc1ccc2N=CC(=O)N(CCN3CC[C@@H](NCc4ccc5OCC(=O)Nc5n4)[C@@H](O)C3)c2c1
CHEMBL2205498,96.26,CC(C)COc1ccc(cc1)c2cc(O)nc(N)n2
CHEMBL301856,95.23,Nc1nc(O)c(Cl)c(n1)c2ccccc2
CHEMBL2205509,95.91,CC(C)COc1ccc(cc1C#N)c2cc(O)nc(N)n2
CHEMBL563498,96.34,Nc1nc(O)c(C#N)c(n1)c2ccccc2
CHEMBL2322164,87.37,COc1ccc(cc1C#N)c2cc(O)nc(N)n2
CHEMBL1917433,98.96,Cc1c(Sc2ccc(Cl)cc2)c3c(NS(=O)(=O)C)cccc3n1CC(=O)O
CHEMBL1917431,98.73,Cc1c(Sc2ccc(Cl)cc2)c3cc(ccc3n1CC(=O)O)S(=O)(=O)C
CHEMBL1917443,99.19,Cc1ccc2c(c1)c(Sc3ccc(cc3)S(=O)(=O)C)c(C)n2CC(=O)O
CHEMBL1917441,99.64,Cc1ccc2c(c1)c(Sc3cccc(Cl)c3)c(C)n2CC(=O)O
CHEMBL1917432,96.5,Cc1c(Sc2ccc(Cl)cc2)c3c(cccc3n1CC(=O)O)S(=O)(=O)C
CHEMBL2147226,88.11,COc1ncc(cn1)c2cccc(C#N)c2CCNC(=O)c3ccc(OCCC(F)(F)F)nc3
CHEMBL2147221,99.5,COc1ncc(cn1)c2cccc(C)c2CCNC(=O)c3ccc(OCCC(F)(F)F)nc3
CHEMBL2147303,99.01,COc1ncc(cn1)c2ccccc2C(F)(F)CNC(=O)c3ccc(COCC(F)(F)F)nc3
CHEMBL2147222,99.5,COc1ncc(cn1)c2cccc(F)c2CCNC(=O)c3ccc(OCCC(F)(F)F)nc3
CHEMBL2147306,99.8,COc1ncc(cn1)c2c(C)ccc(F)c2CCNC(=O)c3ccc(OCC(F)(F)F)nc3
CHEMBL140684,97.71,CN(c1ccccc1)S(=O)(=O)c2ccc(NC(=O)C(C)(O)C(F)(F)F)cc2
CHEMBL1164033,99.71,CN(C)CCOc1cc(NS(=O)(=O)c2c(Cl)cc(cc2Cl)C(F)(F)F)ccc1Cl
CHEMBL1951165,99.5,COc1cc(OC)c(cc1NC(=O)C)S(=O)(=O)N(C(C)C)c2ccccc2
CHEMBL62136,99.56,OC(c1ccc(cc1)N(CC(F)(F)F)S(=O)(=O)c2ccccc2)(C(F)(F)F)C(F)(F)F
CHEMBL1951164,82.05,COc1cc(OC)c(cc1NC(=O)C)S(=O)(=O)N(C)c2ccccc2
CHEMBL2062580,98.64,CC(=O)Nc1ccc2c(c1)c(cn2C)c3cc(NC4CC4)n5ncc(C#N)c5n3
CHEMBL2062584,98.4,COC(=O)CCn1cc(c2cc(NC3CC3)n4ncc(C#N)c4n2)c5cc(NC(=O)C)ccc15
CHEMBL2062582,98.21,CC(=O)Nc1ccc2c(c1)c(cn2CCO)c3cc(NC4CC4)n5ncc(C#N)c5n3
CHEMBL2062583,98.81,CC(=O)Nc1ccc2c(c1)c(cn2CCCO)c3cc(NC4CC4)n5ncc(C#N)c5n3
CHEMBL2059863,98.81,Cc1ccc(cc1NC(=O)c2ccc(OCc3ccccn3)cc2)c4ncc([nH]4)C(F)(F)F
CHEMBL2059861,94.9,Cc1ccc(cc1NC(=O)c2ccc(OCc3ccccn3)cc2)c4nccn4C
CHEMBL2059862,97.81,Cc1ccc(cc1NC(=O)c2ccc(OCc3ccccn3)cc2)c4ncc(C)n4C
CHEMBL2059865,94.06,Cc1ccc(cc1NC(=O)c2ccc(OCc3ccccn3)cc2)c4ncc[nH]4
CHEMBL2153435,93.1,CCNC(=O)C[C@H]1N=C(c2ccc(Cl)cc2)c3cc(OC)ccc3n4c(C)nnc14
CHEMBL661,71.05,Cc1nnc2CN=C(c3ccccc3)c4cc(Cl)ccc4n12
CHEMBL1232461,75.97,CCNC(=O)C[C@@H]1N=C(c2ccc(Cl)cc2)c3cc(OC)ccc3n4c(C)nnc14
CHEMBL646,85.48,Cc1nnc2CN=C(c3ccccc3Cl)c4cc(Cl)ccc4n12
CHEMBL644,93.1,CC(CN(C)C)CN1c2ccccc2CCc3ccccc13
CHEMBL11,87.87,CN(C)CCCN1c2ccccc2CCc3ccccc13
CHEMBL415,96.26,CN(C)CCCN1c2ccccc2CCc3ccc(Cl)cc13
CHEMBL72,85.19,CNCCCN1c2ccccc2CCc3ccccc13
CHEMBL1917449,95.72,CC(=O)Nc1cccc2c1c(c(C)n2CC(=O)O)S(=O)(=O)c3ccc(Cl)cc3
CHEMBL1917446,99.48,Cc1ccc2c(c1)c(c(C)n2CC(=O)O)S(=O)(=O)c3ccc(Cl)cc3
CHEMBL1917447,99.57,Cc1c(c2cc(F)ccc2n1CC(=O)O)S(=O)(=O)c3ccc(Cl)cc3
CHEMBL1917448,99.37,COc1cccc(c1)S(=O)(=O)c2c(C)n(CC(=O)O)c3ccc(C)cc23
CHEMBL1957851,88.11,Cc1cccc(CN2C=CN3C(=O)C=C(N=C23)N4CCOCC4)c1
CHEMBL1957840,96.34,Clc1cccc(CN2C=CN3C(=O)C=C(N=C23)N4CCOCC4)c1Cl
CHEMBL1957845,78.01,Fc1cccc(CN2C=CN3C(=O)C=C(N=C23)N4CCOCC4)c1
CHEMBL1957848,89.91,Clc1cccc(CN2C=CN3C(=O)C=C(N=C23)N4CCOCC4)c1
CHEMBL2165066,79.55,F[C@H]1CN(CCN2C(=O)C=Cc3ccc(cc23)C#N)CC[C@H]1NCc4ccc5OCC(=O)Nc5n4
CHEMBL2165059,72.45,CO[C@@H]1CN(CCN2C(=O)C=Cc3ccc(cc23)C#N)CC[C@H]1NCc4ccc5OCC(=O)Nc5n4
CHEMBL2164742,79.17,O[C@@H]1CN(CCN2C(=O)C=Cc3ccc(cc23)C#N)CC[C@@H]1NCc4ccc5OCC(=O)Nc5n4
CHEMBL2165055,46.55,CO[C@H]1CN(CCN2C(=O)C=Cc3ccc(cc23)C#N)CC[C@H]1NCc4ccc5OCC(=O)Nc5n4
CHEMBL1800656,94.56,CCN(CCNCCc1ccc(O)c2NC(=O)Sc12)C(=O)CCOCCc3ccccc3
CHEMBL1800659,94.68,CCCCN(CCNCCc1ccc(O)c2NC(=O)Sc12)C(=O)CCOCCc3ccccc3
CHEMBL1800657,93.94,CCCN(CCNCCc1ccc(O)c2NC(=O)Sc12)C(=O)CCOCCc3ccccc3
CHEMBL1800658,97.2,CC(C)N(CCNCCc1ccc(O)c2NC(=O)Sc12)C(=O)CCOCCc3ccccc3
CHEMBL2164745,85.77,COc1ccc2N=CC(=O)N(CCN3CC[C@@H](NCc4cc5OCCOc5cn4)[C@@H](O)C3)c2c1
CHEMBL2164744,80.65,COc1ccc2N=CC(=O)N(CCN3CC[C@H](NCc4cc5OCCOc5cn4)[C@H](O)C3)c2c1
CHEMBL2165060,83.37,CO[C@H]1CN(CCN2C(=O)C=Nc3ccc(OC)cc23)CC[C@@H]1NCc4cc5OCCOc5cn4
CHEMBL2164748,82.05,COc1ccc2N=CC(=O)N(CCN3CC[C@@H](NCc4cc5OCCOc5cn4)[C@H](O)C3)c2c1
CHEMBL549344,66.61,CCc1nc2c(N)nc3ccccc3c2n1CCCCNS(=O)(=O)C
CHEMBL192307,93.8,CCCCc1nc2c(N)nc3ccccc3c2n1CC(C)C
CHEMBL1282,85.19,CC(C)Cn1cnc2c(N)nc3ccccc3c12
CHEMBL413065,88.35,CCc1nc2c(N)nc3ccccc3c2n1CC(C)C
CHEMBL2338403,65.06,CC(C)(C)S(=O)(=O)CCCN1CCN(CC(=O)NC23CC4CC(CC(C4)C2)C3)CC1
CHEMBL2338400,69.12,CC(C)(C)NC(=O)NCCN1CCN(CC(=O)NC23CC4CC(CC(C4)C2)C3)CC1
CHEMBL2337984,70.1,CC(C)(C)NC(=O)CN1CCN(CC(=O)NC23CC4CC(CC(C4)C2)C3)CC1
CHEMBL2338404,86.05,CC(C)(C)CS(=O)(=O)NCCN1CCN(CC(=O)NC23CC4CC(CC(C4)C2)C3)CC1
CHEMBL2147317,96.72,COc1cnc(cn1)c2cccc(F)c2C(F)(F)CNC(=O)c3ccc(COCC(F)(F)F)nc3
CHEMBL2147307,97.6,COc1cnc(cn1)c2c(C)ccc(F)c2CCNC(=O)c3ccc(COCC(F)(F)F)nc3
CHEMBL2147316,99.31,COc1cnc(cn1)c2ccccc2C(F)(F)CNC(=O)c3ccc(COCC(F)(F)F)nc3
CHEMBL2147309,91.99,Cc1cnc(cn1)c2c(F)ccc(F)c2CCNC(=O)c3ccc(COCC(F)(F)F)nc3
CHEMBL2048870,98.81,CC(C)COc1cccc(\C=C\2/SC(=O)NC2=O)c1N3CCC[C@@H](N)C3
CHEMBL2048869,94.79,CCOc1cccc(\C=C\2/SC(=O)NC2=O)c1N3CCC[C@@H](N)C3
CHEMBL2048868,91.64,COc1cccc(\C=C\2/SC(=O)NC2=O)c1N3CCC[C@@H](N)C3
CHEMBL2048866,97.76,N[C@@H]1CCCN(C1)c2c(Cl)cccc2\C=C\3/SC(=O)NC3=O
CHEMBL2207663,86.59,Cc1cc(Cl)ccc1OC2CCN(C[C@H](O)CNC(=O)C3=CNC(=O)C=C3C(F)(F)F)CC2
CHEMBL2207662,88.82,O[C@H](CNC(=O)C1=CNC(=O)C=C1C(F)(F)F)CN2CCC(CC2)Oc3ccc(Cl)c(Cl)c3
CHEMBL2207665,93.53,CN1C=C(C(=O)NC[C@@H](O)CN2CCC(CC2)Oc3ccc(Cl)c(Cl)c3)C(=CC1=O)C(F)(F)F
CHEMBL2207664,96.65,Cc1c(Cl)ccc(OC2CCN(C[C@H](O)CNC(=O)C3=CNC(=O)C=C3C(F)(F)F)CC2)c1Cl
CHEMBL1689128,98.13,C[C@H]1CN(Cc2cc(Cl)ccc2OCC(=O)O)CCN1C(=O)Cc3ccc(Cl)cc3
CHEMBL1689127,97.13,C[C@H]1CN(Cc2cc(Cl)ccc2OCC(=O)O)CCN1C(=O)Cc3ccc(F)cc3
CHEMBL1689133,97.44,C[C@H](Oc1ccc(Cl)cc1CN2CCN([C@@H](C)C2)C(=O)Cc3ccc(Cl)cc3)C(=O)O
CHEMBL1689126,97.38,C[C@H]1CN(Cc2cc(Cl)ccc2OCC(=O)O)CCN1C(=O)Cc3ccccc3
CHEMBL193,96.17,COC(=O)C1=C(C)NC(=C(C1c2ccccc2[N+](=O)[O-])C(=O)OC)C
CHEMBL1491,98.09,CCOC(=O)C1=C(COCCN)NC(=C(C1c2ccccc2Cl)C(=O)OC)C
CHEMBL475534,99.1,CCOC(=O)C1=C(C)NC(=C(C1c2cccc(c2)[N+](=O)[O-])C(=O)OC)C
CHEMBL1428,98.17,COCCOC(=O)C1=C(C)NC(=C(C1c2cccc(c2)[N+](=O)[O-])C(=O)OC(C)C)C
CHEMBL578201,82.72,C[C@H](Nc1nc(Nc2cc(C)[nH]n2)c(C)nc1C#N)c3ccc(F)cn3
CHEMBL576257,85.48,C[C@H](Nc1nc(Nc2cc(C)[nH]n2)cnc1C#N)c3ccc(F)cn3
CHEMBL569738,78.01,C[C@H](Nc1cncc(Nc2cc(C)[nH]n2)n1)c3ccc(F)cn3
CHEMBL576068,84,C[C@H](Nc1cnc(C)c(Nc2cc(C)[nH]n2)n1)c3ccc(F)cn3
CHEMBL2059860,94.9,Cc1ccc(cc1NC(=O)c2ccc(OCc3ccccn3)cc2)c4c[nH]cn4
CHEMBL2059867,96.79,Cc1ccc(cc1NC(=O)c2ccc(OCc3ccccn3)cc2)c4c[nH]c(C)n4
CHEMBL2059869,94.44,Cc1ccc(cc1NC(=O)c2ccc(OCc3ccccn3)cc2)c4cn(C)c(C)n4
CHEMBL2059866,90.52,Cc1ccc(cc1NC(=O)c2ccc(OCc3ccccn3)cc2)c4cn(C)cn4
CHEMBL2158441,96,Clc1cccc(Cl)c1CNC2=NC(=CC(=O)N2)N3CCOCC3
CHEMBL2158438,92.95,Clc1cccc(CNC2=NC(=CC(=O)N2)N3CCOCC3)c1
CHEMBL2158437,97.91,Clc1cccc(CNC2=NC(=CC(=O)N2)N3CCOCC3)c1Cl
CHEMBL2158390,73.36,O=C1NC(=NC(=C1)N2CCOCC2)NCc3ccccc3
CHEMBL41,95.72,CNCCC(Oc1ccc(cc1)C(F)(F)F)c2ccccc2
CHEMBL54429,93.67,ONC(=O)Cc1ccc(OCc2ccccc2)cc1
CHEMBL295467,51.73,CNCCC(Oc1ccccc1OC)c2ccccc2
CHEMBL1789186,71.05,NCC[C@@H](Oc1cc(Cl)c(F)cc1C#N)c2ccccc2
CHEMBL1957363,99.74,Oc1ccccc1c2ccc(cc2)c3nc4ccncc4c(O)c3C#N
CHEMBL1957361,99.93,CCOc1ccccc1c2ccc(cc2)c3nc4ccncc4c(O)c3C#N
CHEMBL1957369,99.92,Oc1c(C#N)c(nc2ccncc12)c3ccc(cc3)c4ccccc4Cl
CHEMBL1957367,99.89,Oc1c(C#N)c(nc2ccncc12)c3ccc(cc3)c4ccccc4OCC#N
CHEMBL2338406,89.05,CC(C)(C)NC(=O)NCCN1CCC(CNC(=O)c2cc(Cl)cc(Cl)c2)CC1
CHEMBL2337981,82.05,CC(C)(C)NC(=O)NCCN1CCC(CO)(CNC(=O)c2cc(Cl)cc(Cl)c2)CC1
CHEMBL493677,95.53,CC(C)(C)CCN1CC[C@H](CNC(=O)c2cc(Cl)cc(Cl)c2)[C@H](F)C1
CHEMBL2337980,76.81,CC(C)(C)NC(=O)NCCN1CCC(O)(CNC(=O)c2cc(Cl)cc(Cl)c2)CC1
CHEMBL1868114,97.2,COCCNc1nc(NCc2ccccc2F)c3sccc3n1
CHEMBL1890087,99.71,CC(C)Nc1nc(NCc2ccccc2)c3sccc3n1
CHEMBL1891338,99.73,COc1cccc(CNc2nc(NC(C)C)nc3ccsc23)c1OC
CHEMBL1957460,99.86,Cc1nccc(c1Cl)c2ccc(cc2)c3nc4ccncc4c(O)c3C#N
CHEMBL1957381,99.59,Cc1cc(ccn1)c2ccc(cc2)c3nc4ccncc4c(O)c3C#N
CHEMBL1957370,99.45,Oc1c(C#N)c(nc2ccncc12)c3ccc(cc3)c4ccncc4Cl
CHEMBL2170994,91.64,Nc1ncnc2c1ncn2[C@@H]3O[C@H](CSCCCNC(=O)Nc4ccc(Cl)cc4)[C@@H](O)[C@H]3O
CHEMBL2170989,81.36,Nc1ncnc2c1ncn2[C@@H]3O[C@H](CSCCCNC(=O)Nc4ccccc4)[C@@H](O)[C@H]3O
CHEMBL2170992,92.16,CC(C)c1ccc(NC(=O)NCCCSC[C@H]2O[C@H]([C@H](O)[C@@H]2O)n3cnc4c(N)ncnc34)cc1
CHEMBL1916277,99.34,CC1CCCCC1NC(=O)c2c(C)nn(c2NS(=O)(=O)c3ccc(C)cc3)c4ccccc4
CHEMBL1916085,98.29,CN(C1CCCCC1)C(=O)c2cnn(c2NS(=O)(=O)c3ccc(C)cc3)c4ccccc4
CHEMBL1916274,99.86,Cc1ccc(cc1)S(=O)(=O)Nc2c(C(=O)NC3CCCCC3)c(C)nn2c4ccccc4
CHEMBL2152918,86.05,CO[C@@H]1CC[C@@]2(CC1)Cc3ccc(cc3C24N=C(C)C(=N4)N)c5cncc(Br)c5
CHEMBL2152914,91.99,CO[C@@H]1CC[C@@]2(CC1)Cc3ccc(cc3C24N=C(C)C(=N4)N)c5cncc(c5)C#CC
CHEMBL2152920,96.17,CCC#Cc1cncc(c1)c2ccc3C[C@@]4(CC[C@@H](CC4)OC)C5(N=C(C)C(=N5)N)c3c2
CHEMBL521815,71.05,CN1CCN(CC1)C(=O)c2cc(CC3=NNC(=O)c4ccccc34)ccc2F
CHEMBL523829,65.06,CN1CCN(CC1)C(=O)c2cccc(CC3=NNC(=O)c4ccccc34)c2
CHEMBL494505,62.94,CCC(=O)N1CCN(CC1)C(=O)c2cc(CC3=NNC(=O)c4ccccc34)ccc2F
CHEMBL250687,99.23,CCCSc1nc(N[C@@H]2C[C@H]2c3ccccc3)c4nnn([C@@H]5C[C@H](CO)[C@@H](O)[C@H]5O)c4n1
CHEMBL249790,99.85,OCCO[C@H]1C[C@H]([C@H](O)[C@@H]1O)n2nnc3c(N[C@@H]4C[C@H]4c5ccc(F)c(F)c5)nc(SCCC(F)(F)F)nc23
CHEMBL249789,99.85,OC[C@H]1C[C@H]([C@H](O)[C@@H]1O)n2nnc3c(N[C@@H]4C[C@H]4c5ccc(F)c(F)c5)nc(SCCC(F)(F)F)nc23
CHEMBL1779512,41.45,COC[C@@H](O)CN1C(=O)C=NN(C1=O)c2ccc(Cl)c(c2)C(=O)NCC3(O)CCCCCC3
CHEMBL1823817,58.55,COC[C@H](O)CN1C(=O)C=NN(C1=O)c2ccc(Cl)c(c2)C(=O)NCC3(O)CCCCCC3
CHEMBL560423,75.97,OC1(CNC(=O)c2cc(ccc2Cl)N3N=CC(=O)NC3=O)CCCCCC1
CHEMBL7662,99.83,COc1ccc(Cl)cc1C2(F)C(=O)Nc3cc(ccc23)C(F)(F)F
CHEMBL282479,98.51,Oc1ccc(Cl)cc1C2(O)C(=O)Nc3cc(ccc23)C(F)(F)F
CHEMBL360227,71.05,CCN(CC)CCN1C(=O)[C@@](O)(c2ccccc2Cl)c3c1cc(cc3C(F)(F)F)C(=O)N
CHEMBL726,98.81,OCCN1CCN(CCCN2c3ccccc3Sc4ccc(cc24)C(F)(F)F)CC1
CHEMBL567,98.51,OCCN1CCN(CCCN2c3ccccc3Sc4ccc(Cl)cc24)CC1
CHEMBL422,99.19,CN1CCN(CCCN2c3ccccc3Sc4ccc(cc24)C(F)(F)F)CC1
CHEMBL1000,81.01,OC(=O)COCCN1CCN(CC1)C(c2ccccc2)c3ccc(Cl)cc3
CHEMBL81324,94.19,Clc1ccc(cc1)C(N2CCNCC2)c3ccccc3
CHEMBL896,91.82,OCCOCCN1CCN(CC1)C(c2ccccc2)c3ccc(Cl)cc3
CHEMBL1818303,98.61,CN(C)CCC1CCN(CC1)c2cc(C(=O)NC[C@@H]3CC[C@@H](CNC(=O)OCC(C)(C)C)CC3)c4ccccc4n2
CHEMBL1818295,99.3,CC(C)(C)OC(=O)NC[C@@H]1CC[C@@H](CNC(=O)c2cc(nc3ccccc23)N4CCC(CCO)CC4)CC1
CHEMBL1818296,96.65,CN(C)CCC1CCN(CC1)c2cc(C(=O)NC[C@@H]3CC[C@@H](CNC(=O)OC(C)(C)C)CC3)c4ccccc4n2
CHEMBL2171021,96.5,Cc1c(Cl)ccc(OC2CCN(CC2)C3CCN(CC3)C(=O)c4cccc(c4)S(=O)(=O)C)c1Cl
CHEMBL2171022,98.7,OC(=O)COc1cccc(c1)C(=O)N2CCC(CC2)N3CCC(CC3)Oc4ccc(Cl)c(Cl)c4
CHEMBL2171024,95.01,OC(=O)c1cccc(c1)C(=O)N2CCC(CC2)N3CCC(CC3)Oc4ccc(Cl)c(Cl)c4
CHEMBL12952,99.7,COc1ccc2cc(ccc2c1)C(C)C(=O)O
CHEMBL275742,82.39,CC(C)NC[C@@H](O)COc1cccc2ccccc12
CHEMBL452861,86.05,CC(C)NC[C@H](O)COc1cccc2ccccc12
CHEMBL2158831,70.1,OC(=O)c1ccccc1CN2CCC(CN3CCC(CC3)Oc4ccc(Cl)c(Cl)c4)CC2
CHEMBL2158821,83.37,OC(=O)[C@H](N1CCC(CN2CCC(CC2)Oc3ccc(Cl)c(Cl)c3)CC1)c4ccccc4
CHEMBL2158819,91.46,OC(=O)C(N1CCC(CN2CCC(CC2)Oc3ccc(Cl)c(Cl)c3)CC1)c4ccccc4
CHEMBL650,79.92,C[C@H]1C[C@H]2[C@@H]3CC[C@](O)(C(=O)CO)[C@@]3(C)C[C@H](O)[C@@H]2[C@@]4(C)C=CC(=O)C=C14
CHEMBL1473,98.09,CCC(=O)O[C@@]1([C@H](C)C[C@H]2[C@@H]3C[C@H](F)C4=CC(=O)C=C[C@]4(C)[C@@]3(F)[C@@H](O)C[C@]12C)C(=O)SCF
CHEMBL384467,71.53,C[C@@H]1C[C@H]2[C@@H]3CCC4=CC(=O)C=C[C@]4(C)[C@@]3(F)[C@@H](O)C[C@]2(C)[C@@]1(O)C(=O)CO
CHEMBL1387923,99.8,Clc1cccc(NC(=O)Nc2nnc(s2)c3ccncc3)c1
CHEMBL1359986,99.39,Cc1ccc(NC(=O)Nc2nnc(s2)c3ccncc3)cc1
CHEMBL1488371,99.83,Clc1ccc(NC(=O)Nc2nnc(s2)c3ccncc3)cc1
CHEMBL2062558,94.56,Nc1cc(nc2c(cnn12)C#N)c3ccc(F)cc3
CHEMBL2062556,95.01,Nc1cc(nc2c(cnn12)C#N)c3ccccc3
CHEMBL2062557,93.24,COc1ccc(cc1)c2cc(N)n3ncc(C#N)c3n2
CHEMBL2151325,86.85,CCOc1cc(Nc2nc3c(cc2F)ncn3[C@@H](CO)c4ccc(F)cn4)n[nH]1
CHEMBL2151326,78.41,COc1cc(Nc2nc3c(cc2F)ncn3[C@@H](CO)c4ccc(F)cn4)n[nH]1
CHEMBL2151324,94.9,CC(C)Oc1cc(Nc2nc3c(cc2F)ncn3[C@@H](CO)c4ccc(F)cn4)n[nH]1
CHEMBL1080151,93.1,C[C@H](Nc1nc(Nc2ncc(C)s2)c(F)c(n1)N3CCOCC3)c4ncc(F)cn4
CHEMBL1087399,88.35,C[C@H](Nc1nc(Nc2ncc(C#N)s2)cc(n1)N3CCOCC3)c4ncc(F)cn4
CHEMBL1088030,92.64,C[C@H](Nc1nc(Nc2ncc(C)s2)cc(n1)N3CCOCC3)c4ncc(F)cn4
CHEMBL2313309,67.63,Cc1csc(N)c1C(=O)N
CHEMBL480558,92.16,CCC(CC)[C@@H](CO)NS(=O)(=O)c1ccc(Cl)s1
CHEMBL463981,90.91,OC[C@@H](NS(=O)(=O)c1ccc(Cl)s1)C(C(F)(F)F)C(F)(F)F
CHEMBL113,24.45,CN1C(=O)N(C)c2ncn(C)c2C1=O
CHEMBL279898,67.12,CCCN1C(=O)NC(=O)c2[nH]cnc12
CHEMBL190,43.7,CN1C(=O)N(C)c2nc[nH]c2C1=O
CHEMBL2011908,95.23,CNc1c(Br)cnc2[nH]c(nc12)c3ccc(cc3)S(=O)(=O)C
CHEMBL2011910,90.12,CNc1c(Br)cnc2[nH]c(nc12)c3cccc(N)c3
CHEMBL2011928,97.38,COc1ccc(cc1)c2nc3c(NCCCNC(=O)C)c(Br)cnc3[nH]2
CHEMBL213556,80.65,CC(CC(=O)OC(C)(C)C)NC(=O)C1=NOC(C1)C(O)(C(F)(F)F)C(F)(F)F
CHEMBL211177,82.05,C[C@@H](CC(=O)OC(C)(C)C)NC(=O)C1=NO[C@H](C1)C(O)(C(F)(F)F)C(F)(F)F
CHEMBL208825,84,C[C@@H](CC(=O)OC(C)(C)C)NC(=O)C1=NOC(C1)C(O)(C(F)(F)F)C(F)(F)F
CHEMBL1807823,52.88,O[C@@H](CNCCSCCCNCCc1ccccc1)c2ccc(O)c3NC(=O)Sc23
CHEMBL1807829,94.06,O[C@@H](CNCCSCCCNCCc1cccc(Cl)c1Cl)c2ccc(O)c3NC(=O)Sc23
CHEMBL1807827,84.3,O[C@@H](CNCCSCCCNCCc1cccc(Cl)c1)c2ccc(O)c3NC(=O)Sc23
CHEMBL2177911,95.33,COc1cc(ccn1)C2(N=C(N)c3c(F)cccc23)c4cccc(c4)c5cncnc5
CHEMBL2177906,95.43,NC1=NC(c2cccc(c2)c3cncnc3)(c4ccnc(c4)C(F)(F)F)c5cccc(F)c15
CHEMBL2177908,97.07,NC1=NC(c2ccnc(c2)C(F)(F)F)(c3ccc(F)c(c3)c4cncnc4)c5cccc(F)c15
CHEMBL580,92.8,OC1N=C(c2ccccc2Cl)c3cc(Cl)ccc3NC1=O
CHEMBL12,98.61,CN1C(=O)CN=C(c2ccccc2)c3cc(Cl)ccc13
CHEMBL568,96.17,OC1N=C(c2ccccc2)c3cc(Cl)ccc3NC1=O
CHEMBL2011924,98.09,CNc1c(Cl)cnc2[nH]c(nc12)c3ccc(OCCN4CCOCC4)cc3
CHEMBL2011923,78.79,CNc1c(cnc2[nH]c(nc12)c3ccc(OCCN4CCOCC4)cc3)C(=O)N
CHEMBL2011917,98.51,CNc1c(Br)cnc2[nH]c(nc12)c3ccc(OCCN4CCOCC4)cc3
CHEMBL257830,98.54,NS(=O)(=O)NC(=O)CCCc1c([nH]c2ccc(cc12)C#N)c3ccc(F)cc3
CHEMBL440405,98.7,CS(=O)(=O)NC(=O)CCCc1c([nH]c2ccc(cc12)C#N)c3ccc(F)cc3
CHEMBL403313,99.59,CN(C)S(=O)(=O)NC(=O)CCCc1c([nH]c2ccc(cc12)C#N)c3ccc(F)cc3
CHEMBL2208427,99.68,COc1cc(ccc1N)C(=O)NC[C@@H](O)CN2CCC(CC2)Oc3ccc(Cl)c(Cl)c3
CHEMBL2208423,93.53,O[C@H](CNC(=O)c1cccc(c1)C#N)CN2CCC(CC2)Oc3ccc(Cl)c(Cl)c3
CHEMBL2208428,91.28,CS(=O)(=O)c1ccccc1C(=O)NC[C@@H](O)CN2CCC(CC2)Oc3ccc(Cl)c(Cl)c3
CHEMBL570899,91.46,C[C@H](Nc1cncc(Nc2cc(C)[nH]n2)n1)c3ncc(F)cn3
CHEMBL570002,81.36,C[C@H](Nc1nc(Nc2cc(C)[nH]n2)cnc1C#N)c3ncc(F)cn3
CHEMBL569720,69.61,C[C@H](Nc1nc(Nc2cc(C)[nH]n2)c(C)nc1C#N)c3ncc(F)cn3
CHEMBL42,94.79,CN1CCN(CC1)C2=Nc3cc(Cl)ccc3Nc4ccccc24
CHEMBL72292,96.42,CN1CCN(CC1)C2=Nc3ccccc3Nc4ccc(OS(=O)(=O)C(F)(F)F)cc24
CHEMBL520431,69.61,CCOc1cc2ncc(C(=O)N)c(Nc3ccc(F)cc3F)c2cc1N4CCCN(C)CC4
CHEMBL480032,98.37,CCOc1cc2ncc(C(=O)N)c(Nc3cccc(Cl)c3Cl)c2cc1N4CCCN(C)CC4
CHEMBL2312920,99.44,CCCN(c1cccc(c1)C#N)P(=O)(c2ccccc2)c3ccccc3
CHEMBL2312921,96.79,CCCN(c1cccc(c1)S(=O)(=O)C)P(=O)(c2ccccc2)c3ccccc3
CHEMBL2088414,99.31,OCc1nc2cc(NS(=O)(=O)c3ccc(Br)cc3)ccc2s1
CHEMBL1528356,99.26,CN(c1ccc2sc(C)nc2c1)S(=O)(=O)c3ccc(C)cc3
CHEMBL379350,92.8,CCN(CC)c1ccc2C=C(C(=O)C)C(=O)Oc2c1
CHEMBL153064,98.51,CC(=O)C1=Cc2ccc(O)cc2OC1=O
CHEMBL2171278,97.76,Cc1ccc(NC(=O)[C@@H]2CCCN2S(=O)(=O)c3cccc4cccnc34)c(C)c1
CHEMBL2171277,97.86,Cc1ccc(NC(=O)[C@H]2CCCN2S(=O)(=O)c3cccc4cccnc34)c(C)c1
CHEMBL1427554,96.09,Cc1ccc(cc1)c2csc3ncnc(O)c23
CHEMBL1369722,86.32,Oc1ncnc2scc(c3ccccc3)c12
CHEMBL2326523,99.19,CC(C)[C@H](N(CCCN)C(=O)c1ccc(C)cc1)C2=Nc3cc(Cl)ccc3C(=O)N2Cc4ccccc4
CHEMBL228814,99.4,CC(C)[C@@H](N(CCCN)C(=O)c1ccc(C)cc1)C2=Nc3cc(Cl)ccc3C(=O)N2Cc4ccccc4
CHEMBL2180033,93.53,CC1=NC(N=C1N)(C2CC2)c3cccc(c3)c4cncc(Cl)c4
CHEMBL2180037,95.01,CC#Cc1cncc(c1)c2cccc(c2)C3(N=C(C)C(=N3)N)C4CC4
CHEMBL1088,92.32,CN1CCCCC1CCN2c3ccccc3Sc4ccc(cc24)[S+](C)[O-]
CHEMBL479,99.63,CSc1ccc2Sc3ccccc3N(CCC4CCCCN4C)c2c1
CHEMBL456324,96.42,CC(C)Oc1cc(Nc2nc(N[C@@H](C)c3ccc(F)cc3)nc(NC(CO)CO)c2Cl)n[nH]1
CHEMBL458287,99.1,C[C@H](Nc1ncc(Cl)c(Nc2cc(C)[nH]n2)n1)c3ccc(F)cc3
CHEMBL13976,82.72,CN(C)CCNC(=O)c1c(C)[nH]c(\C=C\2/C(=O)Nc3ccc(F)cc23)c1C
CHEMBL13485,89.49,CCN(CC)CCNC(=O)c1c(C)[nH]c(\C=C\2/C(=O)Nc3ccc(Cl)cc23)c1C
CHEMBL589586,86.05,COC(=O)\C=C\C(=O)O
CHEMBL78628,12.63,CN(CC(=O)O)NC(=O)C[C@H](N)C[C@@H](O)CN
CHEMBL2058280,93.1,Nc1scc2C(=NN(C(=O)c12)c3ccc(F)cc3)C(=O)NC4CC4
CHEMBL1096418,98.21,Nc1scc2C(=NN(C(=O)c12)c3ccc(Cl)cc3)C(=O)NC4CC4
CHEMBL23,75.97,COc1ccc(cc1)[C@@H]2Sc3ccccc3N(CCN(C)C)C(=O)[C@@H]2OC(=O)C
CHEMBL603584,35.46,COc1ccc(cc1)C2Sc3ccccc3N(CCN(C)C)C(=O)C2OC(=O)C
CHEMBL1256568,76.81,OC(=O)CNC(=O)c1ncccc1O
CHEMBL573,44.84,OC(=O)c1cccnc1
CHEMBL396043,98.78,C[C@H](CO)Nc1nc(SCc2cccc(F)c2F)nc3nc(NC4CC4)sc13
CHEMBL430381,94.9,OCC(CO)Nc1nc(SCc2cccc(F)c2F)nc3nc(NC4CC4)sc13
CHEMBL2151322,91.82,CC(C)Oc1cc(n[nH]1)n2cnc3ccc(N[C@@H](CO)c4ccc(F)cn4)nc23
CHEMBL2151321,94.19,CC(C)Oc1cc(n[nH]1)n2cnc3ccc(N[C@@H](C)c4ccc(F)cn4)nc23
CHEMBL569185,93.67,COc1ccc(CCN2[C@@H](CN(NS(=O)(=O)C)C2=O)c3ccc(OC)cc3)cc1
CHEMBL569184,95.23,COc1ccc(CCN2[C@H](CN(NS(=O)(=O)C)C2=O)c3ccc(OC)cc3)cc1
CHEMBL2207600,95.12,COc1cc(OC)c(cc1NC(=O)CCC(=O)O)S(=O)(=O)N(c2ccc(C)cc2)c3ccc(C)cc3
CHEMBL2207599,90.72,COc1cc(OC)c(cc1NC(=O)CCC(=O)O)S(=O)(=O)N(c2ccccc2)c3ccccc3
CHEMBL1381135,83.68,COc1cnc(nc1N(C)C)c2ccccn2
CHEMBL578675,77.62,COc1cnc(nc1NC(C)C)c2ccccn2
CHEMBL1483,95.43,CCCSc1ccc2nc(NC(=O)OC)[nH]c2c1
CHEMBL1385850,89.91,OC(=O)c1ccc2[nH]c(nc2c1)C(F)(F)F
CHEMBL2206790,95.43,COCC[C@H](Oc1ncnc2c1cnn2c3ccccc3Cl)C(=O)Nc4ccc(C)cn4
CHEMBL2206789,86.05,COCCC(Oc1ncnc2c1cnn2c3ccccc3OC)C(=O)Nc4ccc(C)cn4
CHEMBL2147475,99.39,COc1cc(ccc1OC[C@H](OP(=O)(O)O)C2CC2)N3C=Nc4cc(sc4C3=O)c5ccc(Cl)cc5
CHEMBL2147474,99.79,COc1cc(ccc1OC[C@H](O)C2CC2)N3C=Nc4cc(sc4C3=O)c5ccc(Cl)cc5
CHEMBL2316109,98.7,C[S+]([O-])Cc1ccc(C(=O)Nc2cccnc2C(=O)NCC3CCC3)c4ccccc14
CHEMBL2316386,95.01,C[S+]([O-])Cc1ccc(C(=O)Nc2ccc(OCCOCCO)nc2C(=O)NCC3CCC3)c4ccccc14
CHEMBL2325021,99.41,FC(F)(F)c1ccc(Oc2ccc(cc2C#N)S(=O)(=O)Nc3ncns3)c(c1)c4ccnnc4
CHEMBL2324423,99.59,Fc1cc(c(Oc2ccc(cc2C#N)S(=O)(=O)Nc3ncns3)cc1Cl)c4ccnnc4
CHEMBL1934420,54.59,C[C@H](NC(=O)c1c(C)nn(C2CCN(C)CC2)c1NS(=O)(=O)c3ccc(C)cc3)C(C)(C)C
CHEMBL1934421,88.35,C[C@H](NC(=O)c1c(C)nn(C2CCN(CC(F)(F)F)CC2)c1NS(=O)(=O)c3ccc(C)cc3)C(C)(C)C
CHEMBL1963231,77.21,CC(C1CCCC1)(C(=O)O[C@@H]2CC[N+](C)(C)C2)c3ccccc3
CHEMBL1201335,28.95,C[N+]1(C)CCC(C1)OC(=O)C(O)(C2CCCC2)c3ccccc3
CHEMBL1308362,99.05,Cc1ccc2cc(C)c3nnc(SCC(=O)N4CCN(CC4)C(=O)c5occc5)n3c2c1
CHEMBL2361579,97.91,Cc1cc2cc(C)c3nnc(SCC(=O)N4CCN(CC4)C(=O)c5occc5)n3c2cc1C
CHEMBL174107,33.39,CSc1ccc(cc1)N2C(=NC(=NC2(C)C)N)N
CHEMBL93484,25.31,CC1N=C(N)N=C(N)N1c2ccc(Cl)cc2
CHEMBL2017459,95.82,CCN(C(=O)c1oc(cc1)c2ccc(Cl)cc2)c3ccc(cc3)N4CCNCC4
CHEMBL1938680,97.32,Clc1ccc(cc1)c2oc(cc2)C(=O)Nc3ccc(cc3)N4CCNCC4
CHEMBL1087398,94.06,C[C@H](Nc1nc(Nc2ncc(C#N)s2)cc(n1)N3CCOCC3)c4ccc(F)cn4
CHEMBL1087269,97.38,C[C@H](Nc1nc(Nc2ncc(C)s2)cc(n1)N3CCOCC3)c4ccc(F)cn4
CHEMBL223402,96.34,Fc1ccccc1NC(=O)N[C@H]2N=C(c3ccccc3)c4ccccc4NC2=O
CHEMBL202626,97.38,Fc1ccccc1NC(=O)NC2N=C(c3ccccc3)c4ccccc4NC2=O
CHEMBL235357,94.56,Clc1ccc(O[C@@H]2CCCNC2)cc1C(=O)NCC34CC5CC(CC(C5)C3)C4
CHEMBL235579,94.56,Clc1ccc(O[C@H]2CCCNC2)cc1C(=O)NCC34CC5CC(CC(C5)C3)C4
CHEMBL1530127,98.7,Cc1ccc(CNC(=O)CCS(=O)(=O)c2ccc(Br)cc2)cc1
CHEMBL1609717,95.72,Fc1ccc(CNC(=O)CCS(=O)(=O)c2ccc(Br)cc2)cc1
CHEMBL1231,97.07,CCN(CC)CC#CCOC(=O)C(O)(C1CCCCC1)c2ccccc2
CHEMBL637,18.64,COc1ccc(cc1)C(CN(C)C)C2(O)CCCCC2
CHEMBL1276308,99.85,CC#C[C@]1(O)CC[C@H]2[C@@H]3CCC4=CC(=O)CCC4=C3[C@H](C[C@]12C)c5ccc(cc5)N(C)C
CHEMBL2103846,99.51,CN(C)c1ccc(cc1)[C@H]2C[C@@]3(C)[C@@H](CC[C@]3(O)C(=O)C)[C@@H]4CCC5=CC(=O)CCC5=C24
CHEMBL2018964,99.34,COc1cccc2c1c(NS(=O)(=O)c3ccc(Cl)s3)nn2Cc4cccc(CNC(=O)C)c4
CHEMBL2018969,98.67,COc1cccc2c1c(NS(=O)(=O)c3ccc(Cl)s3)nn2Cc4cccc(CNC(=O)C(C)(C)O)c4
CHEMBL1921942,98.58,C[C@@](N1CCCCC1)(C(=O)O[C@H]2C[N+]3(CC(=O)Nc4ccccc4)CCC2CC3)c5ccccc5
CHEMBL1921944,99.6,C[C@@](N1CCCCC1)(C(=O)O[C@H]2C[N+]3(CC(=O)Nc4cccc(F)c4)CCC2CC3)c5ccccc5
CHEMBL8088,64.01,NC1=NC(Cc2ccccc12)c3ccc(F)cc3
CHEMBL275955,67.12,NC1=NC(Cc2ccc(F)cc12)c3ccc(F)cc3
CHEMBL1489087,47.7,OC(=O)c1ccccc1NC(=O)Nc2ccc(Cl)c(Cl)c2
CHEMBL239767,99.73,Oc1cc(ccc1NC(=O)Nc2ccccc2Br)[N+](=O)[O-]
CHEMBL1773082,96.42,C[C@H](Nc1nc(Nc2cc(C)[nH]n2)c(Cl)cc1C#N)c3ccc(F)cn3
CHEMBL1774056,94.68,C[C@H](Nc1nc(Nc2cc(C)[nH]n2)c(F)cc1C#N)c3ccc(F)cn3
CHEMBL2069411,96.26,OCc1ccc(cn1)c2cccc3OC[C@H](Cc23)NC(=O)c4ccc(OCC(F)(F)F)nc4
CHEMBL2069413,95.91,OCc1ccc(cn1)c2cccc3OC[C@H](Cc23)NC(=O)c4ccc(OCCOCC(F)(F)F)nc4
CHEMBL1957481,97.71,COCCC#Cc1cccc(c1)C2(N=C(N)N3CC(F)(F)CN=C23)c4ccc(OC(F)F)cc4
CHEMBL1957480,98.89,COCC#Cc1cccc(c1)C2(N=C(N)N3CC(F)(F)CN=C23)c4ccc(OC(F)F)cc4
CHEMBL1403871,97.32,CNC(=O)c1[nH]cnc1C(=O)Nc2ccc(Cl)cc2
CHEMBL1378202,86.59,CNC(=O)c1[nH]cnc1C(=O)Nc2ccc(OC)cc2
CHEMBL2335898,96.17,C[C@@H](NC(=O)C1CCCCN1C)c2ccc(Nc3ncc4cc(ccc4n3)c5ccncc5)cc2
CHEMBL2335897,95.12,C[C@@H](NC(=O)[C@H]1CCCCN1)c2ccc(Nc3ncc4cc(ccc4n3)c5ccncc5)cc2
CHEMBL1077458,93.24,CC(=O)Nc1ccc(cc1)c2ccnc(Nc3ccc(cc3)N4CCOCC4)n2
CHEMBL1078178,89.7,O=C(NCC#N)c1ccc(cc1)c2ccnc(Nc3ccc(cc3)N4CCOCC4)n2
CHEMBL2011123,66.61,CCOc1ccc(cc1F)[C@@H](C)Nc2nc(nc3C(=O)N(Cc23)C(C)C)N4CCN(CC4)C(=O)C
CHEMBL2011120,70.1,CCOc1ccc(cc1)[C@@H](C)Nc2nc(nc3C(=O)N(Cc23)C(C)C)N4CCN(CC4)C(=O)C
CHEMBL577902,51.73,CCCSc1nc(N)c2ncn([C@@H]3O[C@H](CO)[C@@H](O)[C@H]3O)c2n1
CHEMBL2170975,76.39,CC(C)(C)OC(=O)NCCCSC[C@H]1O[C@H]([C@H](O)[C@@H]1O)n2cnc3c(N)ncnc23
CHEMBL54,85.48,OC1(CCN(CCCC(=O)c2ccc(F)cc2)CC1)c3ccc(Cl)cc3
CHEMBL15023,92.32,OC1(CCN(CCCC(=O)c2ccc(F)cc2)CC1)c3cccc(c3)C(F)(F)F
CHEMBL1800528,80.29,COc1ccnc(CCc2nc3c(C)ccnc3[nH]2)c1
CHEMBL1800526,95.91,COc1ccnc(CCc2nc3cc(Br)cnc3[nH]2)c1
CHEMBL1650698,77.62,C[C@H](Nc1ncc(F)c(Nc2cc([nH]n2)C3CC3)n1)c4ncc(F)cn4
CHEMBL1650724,94.32,C[C@H](Nc1ncc(Cl)c(Nc2cc([nH]n2)C3CC3)n1)c4ncc(F)cn4
CHEMBL17157,99.16,CC(C)(C)c1ccc(cc1)C(O)CCCN2CCC(CC2)C(O)(c3ccccc3)c4ccccc4
CHEMBL914,62.94,CC(C)(C(=O)O)c1ccc(cc1)C(O)CCCN2CCC(CC2)C(O)(c3ccccc3)c4ccccc4
CHEMBL2207606,97.6,COc1cc(OC)c(cc1NC(=O)\C=C\C(=O)O)S(=O)(=O)N2c3ccccc3Oc4ccccc24
CHEMBL2207603,97.6,COc1cc(OC)c(cc1NC(=O)CCC(=O)O)S(=O)(=O)N2c3ccccc3Oc4ccccc24
CHEMBL1916535,74.69,O=C1COc2ccccc2N1CCN3CCC(CC3)NCc4cc5OCCOc5cn4
CHEMBL1916534,82.39,COc1ccc2OCC(=O)N(CCN3CCC(CC3)NCc4cc5OCCOc5cn4)c2c1
CHEMBL1072,98.44,CCCCNc1cc(cc(c1Oc2ccccc2)S(=O)(=O)N)C(=O)O
CHEMBL1880028,98,ONC(=O)Cc1ccc(Oc2ccccc2)cc1
CHEMBL1779503,97.49,Clc1ccc(cc1C(=O)NCCc2ccccc2)N3N=CC(=O)NC3=O
CHEMBL559968,97.2,Clc1ccccc1CCNC(=O)c2cc(ccc2Cl)N3N=CC(=O)NC3=O
CHEMBL1082376,99.64,CCCCCCc1nc2c(N)nc3ccccc3c2n1Cc4ccccc4
CHEMBL1086473,98.29,CCCCc1nc2c(N)nc3ccccc3c2n1Cc4ccccc4
CHEMBL560377,99.8,C(Oc1ccc(cc1)c2n[nH]cc2c3ccncc3)c4ccc5ccccc5n4
CHEMBL562318,99.88,Cn1cc(c2ccncc2)c(n1)c3ccc(OCc4ccc5ccccc5n4)cc3
CHEMBL1399574,82.05,CCOc1ccc(NC(=O)CCc2c(C)nc3nc(C)nn3c2C)cc1
CHEMBL1539037,82.39,COc1ccc(NC(=O)CCc2c(C)nc3nc(C)nn3c2C)cc1
CHEMBL457608,96.42,C[C@H](Nc1ncc(Cl)c(Nc2cc([nH]n2)C3CC3)n1)c4ccc(F)cn4
CHEMBL457393,91.99,C[C@H](Nc1ncc(F)c(Nc2cc([nH]n2)C3CC3)n1)c4ccc(F)cn4
CHEMBL2180027,93.8,COc1ccc(cc1C)C2(N=C(C)C(=N2)N)c3cccc(c3)c4cncnc4
CHEMBL2180028,95.63,COc1c(C)cc(cc1C)C2(N=C(C)C(=N2)N)c3cccc(c3)c4cncnc4
CHEMBL2062575,89.91,CN(C)CCCNc1cc(nc2c(cnn12)C#N)n3ccc4ccc(NC(=O)C)cc34
CHEMBL2062572,95.91,CC(=O)Nc1ccc2ccn(c3cc(NCCCCO)n4ncc(C#N)c4n3)c2c1
CHEMBL518760,79.92,COc1cc2ncc(C(=O)N)c(Nc3ccc(F)cc3F)c2cc1NCCN4CCCCC4
CHEMBL481595,97.91,COc1cc2ncc(C(=O)N)c(Nc3cccc(Cl)c3Cl)c2cc1NCCN4CCCCC4
CHEMBL127066,98.81,Oc1nc(nc2ccccc12)c3ccccc3
CHEMBL123798,94.56,COc1cccc2c(O)nc(nc12)c3ccc(cc3)C(F)(F)F
CHEMBL2325014,99.76,Nc1[nH]ncc1c2cc(Cl)ccc2Oc3cc(F)c(cc3Cl)S(=O)(=O)Nc4cscn4
CHEMBL2325601,99.66,Nc1n[nH]cc1c2cc(ccc2Oc3cc(F)c(cc3Cl)S(=O)(=O)Nc4cscn4)C(F)(F)F
CHEMBL1924049,99.19,C[C@@](N1CCCCC1)(C(=O)O[C@H]2C[N+]3(CCc4ccccc4F)CCC2CC3)c5ccccc5
CHEMBL1924047,97.6,C[C@@](N1CCCCC1)(C(=O)O[C@H]2C[N+]3(CCc4ccccc4)CCC2CC3)c5ccccc5
CHEMBL2011441,99.87,COc1nc(Br)cnc1NS(=O)(=O)c2ccc(Cl)s2
CHEMBL2011440,99.92,COc1nc(Cl)c(Cl)nc1NS(=O)(=O)c2ccc(Cl)s2
CHEMBL2158436,96.79,O=C1NC(=NC(=C1)N2CCOCC2)NCc3cccc4ccccc34
CHEMBL2165192,98.7,CC1CN(CCO1)C2=CC(=O)NC(=N2)NCc3cccc4ccccc34
CHEMBL1645495,99.49,O=C1C=C(Nc2cc(Cc3ccccc3)ccc12)c4cccnc4
CHEMBL1645496,97.32,OC(c1ccccc1)c2ccc3C(=O)C=C(Nc3c2)c4cccnc4
CHEMBL2204344,95.91,O[Si]1(CCN(CCCC(=O)c2ccc(F)cc2)CC1)c3cccc(c3)C(F)(F)F
CHEMBL2204343,94.56,O[Si]1(CCN(CCCC(=O)c2ccc(F)cc2)CC1)c3ccc(Cl)cc3
CHEMBL430239,55.73,CCCC[C@H](NC(=O)C)C(=O)N[C@H]1CC(=O)NCCCC[C@H](NC(=O)[C@H](Cc2c[nH]c3ccccc23)NC(=O)[C@H](CCCNC(=N)N)NC(=O)[C@@H](Cc4ccccc4)NC(=O)[C@H](Cc5cnc[nH]5)NC1=O)C(=O)N
CHEMBL2070241,27.09,CCCC[C@H](NC(=O)C)C(=O)N[C@H]1CC(=O)NCCCC[C@H](NC(=O)[C@H](Cc2c[nH]c3ccccc23)NC(=O)[C@H](CCCNC(=N)N)NC(=O)[C@@H](Cc4ccccc4)NC(=O)[C@H](Cc5cnc[nH]5)NC1=O)C(=O)O
CHEMBL205742,64.54,CC(C)CN1C(=O)N(C)C(=O)c2c1sc(Cc3ccnc4ccccc34)c2C(=O)N5CC[C@@H](O)C5
CHEMBL218468,54.02,CC(C)CN1C(=O)N(C)C(=O)c2c1sc(Cc3ccnc4ccc(F)cc34)c2C(=O)N5CC[C@@H](O)C5
CHEMBL2059909,62.94,CC(C)(C)NS(=O)(=O)c1cncc(c1)c2ccc3nc(N)nn3c2
CHEMBL2059910,64.54,CNC(=O)Nc1nc2ccc(cn2n1)c3cncc(c3)S(=O)(=O)NC(C)(C)C
CHEMBL2325622,98.4,CN1CC(C1)n2nccc2c3cc(Cl)ccc3Oc4cc(F)c(cc4F)S(=O)(=O)Nc5ncns5
CHEMBL2325642,98,Fc1cc(c(F)cc1Oc2ccc(Cl)cc2c3ccnn3C4CNC4)S(=O)(=O)Nc5ncns5
CHEMBL1917457,87.62,CC(=O)Nc1cccc2c1c(Oc3ccc(Cl)cc3)c(C)n2CC(=O)O
CHEMBL1917456,96.26,Cc1c(Oc2ccc(Cl)cc2)c3c(NS(=O)(=O)C)cccc3n1CC(=O)O
CHEMBL564,89.91,CN(C)CCCN1c2ccccc2Sc3ccccc13
CHEMBL71,98.64,CN(C)CCCN1c2ccccc2Sc3ccc(Cl)cc13
CHEMBL981,98.81,CC(C)(Oc1ccc(cc1)C(=O)c2ccc(Cl)cc2)C(=O)O
CHEMBL571,98.73,CC(C(=O)O)c1cccc(c1)C(=O)c2ccccc2
CHEMBL1807860,95.53,C[C@H]1O[C@H]([C@H](O)[C@H]1Cl)n2cnc3c(N)nc(OCC4CC45CC5)nc23
CHEMBL1807851,75.12,C[C@H]1O[C@H]([C@H](O)[C@@H]1O)n2cnc3c(N)nc(OCC4CC45CC5)nc23
CHEMBL289330,45.98,CCN1CCC[C@H]1CNC(=O)c2cc(Br)cc(OC)c2OC
CHEMBL8809,89.05,CCN1CCC[C@H]1CNC(=O)c2c(O)c(Cl)cc(Cl)c2OC
CHEMBL2348651,98.21,CNc1nc(C)c(s1)c2nc(Nc3cccc(c3)N4CCCN(CC4)C(=O)C)ncc2C#N
CHEMBL2312185,88.59,CNc1nc(C)c(s1)c2nc(Nc3cccc(c3)N4CCCNCC4)ncc2C#N
CHEMBL496929,98.61,OCCc1ccc(NC(=O)c2cc3cc(Cl)ccc3[nH]2)cc1
CHEMBL495383,99.26,OCCc1cccc(NC(=O)c2cc3cc(Cl)ccc3[nH]2)c1
CHEMBL2313227,91.28,COCCN(c1cccnc1)P(=O)(c2ccccc2)c3ccccc3
CHEMBL2312933,97.95,CCCN(c1cccnc1)P(=O)(c2ccccc2)c3ccccc3
CHEMBL2069423,96.34,COc1ncc(cn1)c2cccc3OC[C@H](Cc23)NC(=O)c4ccc(COCC(F)(F)F)nc4
CHEMBL2069422,98.67,COc1ncc(cn1)c2cccc3OC[C@H](Cc23)NC(=O)c4ccc(OCCC(F)(F)F)nc4
CHEMBL2326623,98.44,COc1cccc2c1c(NS(=O)(=O)c3ccc(Cl)s3)nn2Cc4cccc(CNC(=O)[C@H]5COCCN5)c4
CHEMBL2326624,98.4,COc1cccc2c1c(NS(=O)(=O)c3ccc(Cl)s3)nn2Cc4cccc(CNC(=O)[C@@H]5COCCN5)c4
CHEMBL1509029,99.9,Cc1ccc(cc1C)S(=O)(=O)Nc2ccc3nc(C)sc3c2
CHEMBL1503948,99.79,Cc1ccc(cc1)S(=O)(=O)Nc2ccc3nc(C)sc3c2
CHEMBL2164360,98.89,CC(Cc1ccccn1)N2C(C(=O)NCc3ccc(OC(F)(F)F)cc3)c4ccccc4C2=O
CHEMBL2164389,96.42,FC(F)(F)Oc1ccc(CNC(=O)C2N(CCc3ccccn3)C(=O)c4ccccc24)cc1
CHEMBL186995,86.59,Clc1ccccc1CNC(=O)c2cccnc2Oc3ccccc3
CHEMBL190747,99.8,COc1ccc(OC)c(CNC(=O)c2cccnc2Oc3ccccc3)c1
CHEMBL570192,94.06,C[C@H](Oc1nc(Nc2cc(C)[nH]n2)c(C)nc1C#N)c3ccc(F)cn3
CHEMBL571526,97.81,C[C@@H](Oc1nc(Nc2cc(C)[nH]n2)c(C)nc1C#N)c3ccc(F)cn3
CHEMBL2207659,96.42,Cc1cc(Cl)ccc1OC2CCN(C[C@H](O)CNC(=O)c3c[nH]nc3C(F)(F)F)CC2
CHEMBL2207658,97.86,O[C@H](CNC(=O)c1c[nH]nc1C(F)(F)F)CN2CCC(CC2)Oc3ccc(Cl)c(Cl)c3
CHEMBL321590,91.64,ONC(=O)C1COC(=N1)c2ccc(F)c(c2)C(F)(F)F
CHEMBL107313,94.32,CCCc1cc(cc(OC)c1OC)C2=N[C@H](CO2)C(=O)NO
CHEMBL2180031,99.8,COc1c(C)cc(cc1C)C2(N=C(C)C(=N2)N)c3cccc(c3)c4cncc(c4)C#CC
CHEMBL2180024,95.12,CC1=NC(N=C1N)(c2ccc(F)cc2)c3cccc(c3)c4cccnc4
CHEMBL1921919,23.19,Cc1cc(CCC[N+]23CCC(CC2)[C@H](C3)OC(=O)[C@@](C)(N4CCCCC4)c5ccccc5)ccn1
CHEMBL1921917,51.73,C[C@@](N1CCCCC1)(C(=O)O[C@H]2C[N+]3(CCCc4ccncc4)CCC2CC3)c5ccccc5
CHEMBL2152524,83.04,C1CCN(C1)[C@H]([C@@H](N2CCCC2)c3ccccc3)c4ccccc4
CHEMBL2152525,83.04,C1CCN(C1)[C@@H]([C@H](N2CCCC2)c3ccccc3)c4ccccc4
CHEMBL2152522,90.12,C1CCN(CC1)[C@H]([C@@H](N2CCCCC2)c3ccccc3)c4ccccc4
CHEMBL2152523,93.94,C1CCN(CC1)[C@@H]([C@H](N2CCCCC2)c3ccccc3)c4ccccc4
CHEMBL860,78.79,CN(C)CC\C=C\1/c2ccccc2COc3ccccc13
CHEMBL1628227,76.39,CN(C)CCC=C1c2ccccc2COc3ccccc13
CHEMBL1304332,99.37,Cc1ccc(cc1)c2cc(C(=O)NCc3cn(C)nc3C)c4cc(Br)ccc4n2
CHEMBL1515178,99.89,CCn1cc(CNC(=O)c2cc(nc3ccc(Br)cc23)c4ccc(C)cc4)c(C)n1
CHEMBL744,97.13,Nc1nc2ccc(OC(F)(F)F)cc2s1
CHEMBL98406,84,Nc1nc2ccc(F)cc2s1
CHEMBL1762530,91.82,CN(c1ccnc(Nc2cc(cc(c2)N3CCOCC3)N4CCOCC4)n1)c5cc(CO)ccc5C
CHEMBL1762528,90.32,CN(c1cccc(CO)c1)c2ccnc(Nc3cc(cc(c3)N4CCOCC4)N5CCOCC5)n2
CHEMBL506,59.66,COc1cc(NC(C)CCCN)c2ncccc2c1
CHEMBL103482,79.92,CCOC(=O)c1cnc2c(N)cccc2c1O
CHEMBL2030402,92.8,Clc1ccc2oc3C(=O)NC(=Nc3c2c1)[C@@H]4CCCN4
CHEMBL2030393,94.9,Brc1ccc2oc3C(=O)NC(=Nc3c2c1)[C@@H]4CCCN4
CHEMBL1818187,99.92,CC(C)(C)OC(=O)NC[C@@H]1CC[C@@H](CNC(=O)c2cc(nc3ccccc23)c4ccccc4)CC1
CHEMBL1818291,98.61,CC(C)(C)OC(=O)NC[C@@H]1CC[C@@H](CNC(=O)c2cc(nc3ccccc23)c4cccc(CN)c4)CC1
CHEMBL2062774,99.86,CCOc1noc2cc(OCCC3CCN(CC3)c4ccc(C)nn4)ccc12
CHEMBL2107366,83.04,C[C@H](C1=CNC(=S)N1)c2cccc(C)c2C
CHEMBL2348642,86.05,CNc1nc(C)c(s1)c2nc(Nc3cccc(c3)N4CCNCC4)ncc2C#N
CHEMBL1461208,99.65,COc1ccc(cc1)S(=O)(=O)N2CC(C)N(CC2C)S(=O)(=O)c3ccc(OC)cc3
CHEMBL1088751,93.53,CNC(=O)c1ccc(C)c(c1)N2C(=CC(=C(Br)C2=O)OCc3ccc(F)cc3F)C
CHEMBL1945033,82.39,O[C@@H](CNCCc1cccc(CNCCc2ccccn2)c1)c3ccc(O)c4NC(=O)Sc34
CHEMBL652,38.14,FC(F)(F)COc1ccc(OCC(F)(F)F)c(c1)C(=O)NCC2CCCCN2
CHEMBL213100,99.83,COc1ccc(N(C(=O)Oc2c(C)cccc2C)c3ccnc(Nc4ccc(cc4)N5CCN(C)CC5)n3)c(OC)c1
CHEMBL2312113,99.76,COc1cc(O)c(C(CC(=O)N2CC(C)CC(C)C2)c3ccc4OCOc4c3)c(OC)c1
CHEMBL401158,97.6,CCCCNc1nc(SCCC)nc2c1nnn2[C@@H]3C[C@H](CO)[C@@H](O)[C@H]3O
CHEMBL114,98.86,CC(C)(C)NC(=O)[C@@H]1C[C@@H]2CCCC[C@@H]2CN1C[C@@H](O)[C@H](Cc3ccccc3)NC(=O)[C@H](CC(=O)N)NC(=O)c4ccc5ccccc5n4
CHEMBL2011938,98.7,COc1ccc(cc1)c2nc3c(NCCCNC(=O)c4cccnc4)c(Br)cnc3[nH]2
CHEMBL1077827,87.11,CCOc1ccc(cc1)N2C(=O)c3cccnc3N=C2[C@@H](C)N(CC4CCN(C)CC4)C(=O)Cc5ccc(F)c(c5)C(F)(F)F
CHEMBL1460615,43.14,OC1CS(=O)(=O)CC1N2CCC(CC2)c3ccccc3
CHEMBL456145,89.91,C1Cc2[nH]nc(c2C1)c3nn[nH]n3
CHEMBL218628,47.7,CNc1nc2ccccc2n1Cc3sc4N(CC(C)C)C(=O)N(C)C(=O)c4c3C(=O)N5C[C@H](O)CO5
CHEMBL1871428,36.53,Oc1ncc(NCc2ccccc2)c(O)n1
CHEMBL178737,85.77,O=C(N1CCOCC1)N2CCn3cc(C4=C(C(=O)NC4=O)c5cnc6ccccn56)c7cccc(C2)c37
CHEMBL490,89.91,Fc1ccc(cc1)[C@@H]2CCNC[C@H]2COc3ccc4OCOc4c3
CHEMBL1921939,97.49,C[C@@](N1CCCCC1)(C(=O)O[C@H]2C[N+]3(CCOCCc4ccccc4)CCC2CC3)c5ccccc5
CHEMBL2062565,97.49,CC(=O)Nc1cnc2ccn(c3cc(NC4CC4)n5ncc(C#N)c5n3)c2c1
CHEMBL1256967,69.12,CC1(C)[C@H](NC(=O)\C(=N/OCC2=CC(=O)C(=CN2O)O)\c3csc(N)n3)C(=O)N1OS(=O)(=O)O
CHEMBL1354035,50,COCCNCC(=O)NC12CC3CC(CC(C3)C1)C2
CHEMBL855,35.46,Cc1ccc(cc1)\C(=C/CN2CCCC2)\c3ccccn3
CHEMBL841,92.64,CN(C)C(=O)C(CCN1CCC(O)(CC1)c2ccc(Cl)cc2)(c3ccccc3)c4ccccc4
CHEMBL2313230,88.11,CCCN(c1cncnc1)P(=O)(c2ccccc2)c3ccccc3
CHEMBL1924029,21.99,CC(N1CCCCC1)(C(=O)OC2CC[N+](C)(C)CC2)c3ccccc3
CHEMBL708,99.9,Clc1cc2NC(=O)Cc2cc1CCN3CCN(CC3)c4nsc5ccccc45
CHEMBL2094588,66.1,Clc1ccc(cc1)C(=O)CN2C3=NCCN3c4ccccc24
CHEMBL2144205,55.16,COc1cc2nc(nc(NCCN3CCOCC3)c2cc1OC)c4ccc(cc4)N5CCN(C)CC5
CHEMBL1542,67.63,Cn1cnc(c1Sc2ncnc3nc[nH]c23)[N+](=O)[O-]
CHEMBL521809,94.56,O=C(N1CCN(CC1)c2ncccn2)c3cccc(CC4=NNC(=O)c5ccccc45)c3
CHEMBL1950730,62.4,CN[C@@H](C)C(=O)N[C@@H](C1CCCCC1)C(=O)N[C@H]2CCCN(C2)C(=O)Cc3ccccc3
CHEMBL22,66.1,COc1cc(Cc2cnc(N)nc2N)cc(OC)c1OC
CHEMBL1923433,97.07,Cc1[nH]c(C(=O)NC2CCN(CC2)c3ncc(s3)C(=O)O)c(Cl)c1Cl
CHEMBL2152915,97.91,CO[C@@H]1CC[C@@]2(CC1)Cc3ccc(cc3C24N=C(C)C(=N4)N)c5cc(Cl)cc(c5)C#N
CHEMBL320876,98.17,COc1cc(cc(OC)c1O)[C@H]2[C@@H]3C(COC3=O)C(O[C@@H]4O[C@@H]5CO[C@@H](C)O[C@H]5[C@H](O)[C@H]4O)c6cc7OCOc7cc26
CHEMBL1981917,94.32,NC1=Nc2ccccc2Sc3cccc(F)c13
CHEMBL1950720,94.32,CN[C@@H](C)C(=O)N[C@@H](C1CCCCC1)C(=O)N2CC[C@H]3CCN(CCc4ccccc4)C[C@@H]23
CHEMBL865,97.55,Cc1onc(c2ccccc2)c1c3ccc(cc3)S(=O)(=O)N
CHEMBL98760,99.49,CC(C)NC(=O)c1ccc2c(Nc3ccc(Cl)cc3)nc(nc2c1)N4CCOCC4
CHEMBL35,98.37,NS(=O)(=O)c1cc(C(=O)O)c(NCc2occc2)cc1Cl
CHEMBL1718800,99.69,C(Cc1nc2ccccc2[nH]1)Cc3nc4ccccc4[nH]3
CHEMBL392559,90.32,Clc1ccc(CN2C[C@@H]3C[C@H]2CN3)cc1C(=O)NCC45CC6CC(CC(C6)C4)C5
CHEMBL2207225,94.56,COc1cc(OC)c(cc1NC(=O)Cc2ccnc(F)c2)S(=O)(=O)N3C(C)CCc4ccccc34
CHEMBL1417725,99.7,Cc1nc(sc1C(=O)O)c2cccc(c2)C(F)(F)F
CHEMBL1550191,94.9,Brc1ccc(cc1)C2NC(=O)c3ccccc3N2
CHEMBL571353,99.01,Cc1nc(ccc1C(=O)Nc2ccc(Cl)c(c2)c3ccccn3)C(F)(F)F
CHEMBL1489548,96,Brc1ccc(cc1)S(=O)(=O)CCC(=O)NCCc2ccccc2
CHEMBL1995703,92.48,CN1CCN(CC1)c2ccc(Nc3ncc(C)c(Nc4cccc(c4)S(=O)(=O)NC(C)(C)C)n3)cc2
CHEMBL2057371,67.12,CC(C)(C)NS(=O)(=O)c1cncc(c1)c2ccc3nc(NC(=O)NCC(=O)N4CCCC4)nn3c2
CHEMBL2152903,98.92,CCN1C=C(C=C(C)C1=O)[C@@]2(N=C(N)c3c(F)cccc23)c4cccc(c4)c5cncc(c5)C#CC
CHEMBL2010836,91.28,CN(C1CCN(Cc2ccc(cc2)C(F)(F)F)CC1)C(=O)Cc3ccc(cc3)n4cnnn4
CHEMBL2057372,54.02,CC(C)(C)NS(=O)(=O)c1cncc(c1)c2ccc3nc(NC(=O)NCC(=O)N4CCOCC4)nn3c2
CHEMBL1092926,91.46,Fc1cc(cc(F)c1CN2CCOCC2)c3cccc4ncc(nc34)c5cnn(c5)C6CCNCC6
CHEMBL1950727,63.47,CN[C@@H](C)C(=O)N[C@@H](C1CCCCC1)C(=O)N[C@H]2CCCN(Cc3ccccc3)C2
CHEMBL2017259,71.05,O=C(Nc1ccc(nc1)n2ccnc2)c3ccc(cc3)C#N
CHEMBL1598315,43.7,CNC(=O)c1snnc1c2ccccc2
CHEMBL402501,89.91,C[C@H](Cc1cccc(CC(=O)NC23CC4CC(CC(C4)C2)C3)c1)NC[C@H](O)c5ccc(O)c(CO)c5
CHEMBL1698351,99.57,CN1C(C(=O)Nc2ncc(C)s2)C(=O)c3ccccc3S1(=O)=O
CHEMBL1489611,96.79,Cc1cc(C)cc(c1)c2oc(SCC(=O)N3CCN(CC3)C(=O)c4occc4)nn2
CHEMBL1213085,98,Cc1ccccc1N2C(=Nc3cccc(C)c3C2=O)Cn4nc(c5ccc(O)c(F)c5)c6c(N)ncnc46
CHEMBL1090488,76.81,C[C@@H]1CN(C[C@H](C)[C@@]1(O)c2ccccc2)C(=O)[C@@H]3CN(C[C@H]3c4ccc(F)cc4F)C(C)(C)C
CHEMBL1818300,97,CC(C)(C)OC(=O)NC[C@@H]1CC[C@@H](CNC(=O)c2cc(nc3ccccc23)N4CCC(CCN5CC(O)C5)CC4)CC1
CHEMBL88712,99.85,OC(=O)[C@H](C1CCCC1)c2ccc(OCc3ccc4ccccc4n3)cc2
CHEMBL1643194,99.87,Cc1cc(CN2Cc3ccccc3C2C(=O)Nc4ccc(Cl)cc4Cl)ccc1OCC(=O)O
CHEMBL1952329,96.09,CN1CCC(CNc2ccc3ncc(c4cccc(OC(F)(F)F)c4)n3n2)CC1
CHEMBL2070125,93.94,COc1cnc(nc1NC2CCCC2)c3ccccn3
CHEMBL1625921,89.05,O=C(NC12CC3CC(CC(C3)C1)C2)OCCNC4CCCCC4
CHEMBL2029729,96.34,CNC(=O)CCCN(C)C(=O)c1ccc2c(c1)c3C[C@@H](CCc3n2C)C4CCOCC4
CHEMBL1288306,82.05,NC(=O)c1cnc(N[C@H]2CCCNC2)c3cc(Br)sc13
CHEMBL256963,83.68,Clc1ccc2ncc(c3cccc(NC4CNC4)n3)n2c1
CHEMBL1431112,89.91,Clc1ccc2NC(=O)CN(C(c3ccccc3)c2c1)C(=O)c4occc4
CHEMBL2171020,91.1,Clc1ccc(OC2CCN(CC2)C3CCN(CC3)C(=O)C4=CNC(=O)c5ccccc45)cc1Cl
CHEMBL2151319,78.79,C[C@H](Nc1ccc2ncn(c3cc([nH]n3)C4CC4)c2n1)c5ncc(F)cn5
CHEMBL1916545,68.63,COc1ccc2C=CC(=O)N(CCN3CCC(CC3)NCc4cc5OCCOc5cn4)c2n1
CHEMBL470591,99.5,CNC(=O)c1cc(Oc2ccc3c(c2)nc(Nc4ccc(cc4)C(F)(F)F)n3C)ccn1
CHEMBL2011942,78.41,NC(=O)c1cnc2[nH]c(nc2c1NCCCNC(=O)C3CCC3)c4ccc(OCCN5CCCCC5)cc4
CHEMBL2316382,94.56,COc1ccc(NC(=O)c2ccc(C[S+](C)[O-])c3ccccc23)c(n1)C(=O)NCC4CCOCC4
CHEMBL2059195,97.81,OC(=O)\C=C\c1cccc(c1)c2cnc3[nH]ccc3c2
CHEMBL1309895,90.52,Clc1ccccc1\C=C\C(=O)Nc2ccc3C(=O)NC(=O)c3c2
CHEMBL223166,69.12,COc1ccccc1O[C@H]([C@@H]2CNCCO2)c3ccccc3
CHEMBL2178573,99.91,Cc1cnc(C(=O)c2ncnc3[nH]ccc23)c(NS(=O)(=O)c4ccc(Cl)c(c4)C(F)(F)F)c1
CHEMBL1450473,89.91,Cc1ccc(cc1)S(=O)(=O)NCCSc2nnnn2c3ccc(cc3)C(=O)N
CHEMBL2179285,89.27,CC1=CN([C@H]2CCCN(C2)[C@H](CC3CCOCC3)c4ccc(C(=O)O)c(Oc5cccc(Cl)c5)c4)C(=O)NC1=O
CHEMBL304087,98.7,COc1cc(NC(=O)Nc2cccc(CNC(=O)O[C@H]3CCOC3)c2)ccc1c4ocnc4
CHEMBL2177736,91.82,N[C@H]1CCCC[C@H]1Nc2ncc(C(=O)N)c(Nc3cccc(c3)n4nccn4)n2
CHEMBL115,62.94,CC(C)(C)NC(=O)[C@@H]1CN(Cc2cccnc2)CCN1C[C@@H](O)C[C@@H](Cc3ccccc3)C(=O)N[C@@H]4[C@H](O)Cc5ccccc45
CHEMBL14762,92.8,CC[C@H](CO)Nc1nc(NCc2ccccc2)c3ncn(C(C)C)c3n1
CHEMBL553,95.82,COCCOc1cc2ncnc(Nc3cccc(c3)C#C)c2cc1OCCOC
CHEMBL226646,98.21,Cc1oc(nn1)c2ccc(nn2)N3CCC(CC3)Oc4cc(F)ccc4Cl
CHEMBL2011895,88.82,CNc1c(Br)cnc2[nH]c(nc12)c3ccc(OCCN4CCCCC4)cc3
CHEMBL356687,99.86,CN(C)c1cc(NC(=O)Nc2cccc(Cl)c2)c3ccccc3n1
CHEMBL517,33.39,CC(C)N(CCC(C(=O)N)(c1ccccc1)c2ccccn2)C(C)C
CHEMBL1672,53.45,COCC1=C(N2[C@H](SC1)[C@H](NC(=O)\C(=N/OC)\c3csc(N)n3)C2=O)C(=O)O
CHEMBL562308,95.43,OCCNCCNc1ccc2c(NC(=O)CC34CC5CC(CC(C5)C3)C4)cccc2n1
CHEMBL549,59.66,CN(C)CCCC1(OCc2cc(ccc12)C#N)c3ccc(F)cc3
CHEMBL2335884,97.2,C(CN1CCCC1)Oc2ccc(Nc3ncc4cc(ccc4n3)c5ccncc5)cc2
CHEMBL1087268,95.33,C[C@H](Nc1nc(Nc2ncc(C)s2)cc(n1)N3CCN(C)CC3)c4ccc(F)cn4
CHEMBL1630742,64.01,NCCCCCc1c[nH]c2ccc(F)cc12
CHEMBL191553,89.91,CC(=O)Nc1ccc(CNc2[nH]nc3ccnc(Oc4ccccc4)c23)cc1
CHEMBL2036958,98.51,CC1(CCCC2=CC(=O)OC3=C2C(=O)NC(=O)N3)CC1
CHEMBL941,93.67,CN1CCN(Cc2ccc(cc2)C(=O)Nc3ccc(C)c(Nc4nccc(n4)c5cccnc5)c3)CC1
CHEMBL1299757,98.61,Nc1nc(nc(N)c1Cc2ccc(Cl)cc2Cl)c3ccccn3
CHEMBL1081913,99.16,CC(C)(C)OC(=O)N1CCC(CC1)OCc2onc(n2)c3ccncc3
CHEMBL1934415,97.76,C[C@H](NC(=O)c1c(C)nn(C2CCCCC2)c1NS(=O)(=O)c3ccc(C)cc3)C(C)(C)C
CHEMBL163870,89.91,Cc1nccn1c2ccc(COc3cc(F)cc(c3)C4(CCOCC4)C(=O)N)cc2
CHEMBL2062566,97.49,CC(=O)Nc1ccc2CCN(c3cc(NC4CC4)n5ncc(C#N)c5n3)c2c1
CHEMBL257025,96.5,C[C@H](CO)Nc1nc(SCc2cccc(F)c2F)nc3[nH]ncc13
CHEMBL1921913,99.81,C[C@@](N1CCCCC1)(C(=O)O[C@H]2C[N+]3(CCc4c[nH]c5ccccc45)CCC2CC3)c6ccccc6
CHEMBL2059872,96.72,Cc1ccc(cc1NC(=O)c2ccc(OCc3ccccn3)cc2)c4ncc(CN5CCOCC5)s4
CHEMBL2335903,98.64,C[C@@H](NC1=CC(=O)CCC1)c2ccc(Nc3ncc4cc(ccc4n3)c5ccncc5)cc2
CHEMBL1645105,96.17,COc1ccc(cn1)c2ccc3nc(N)sc3c2
CHEMBL456390,96.42,O=C1CCc2cc(ccc2N1)c3cncc4ccccc34
CHEMBL2151323,69.12,CC(C)Oc1cc(n[nH]1)n2cnc3cnc(N[C@@H](C)c4ncc(F)cn4)nc23
CHEMBL2333941,54.02,C[C@]1(CCSC(=N1)N)c2cc(c(F)cc2F)c3cncnc3
CHEMBL253641,98.81,CCNc1cc(N2CCCCS2(=O)=O)c(F)c(c1)C(=O)N[C@@H](Cc3ccccc3)[C@H](O)CNCc4cccc(c4)C(F)(F)F
CHEMBL1797410,99.1,Cc1onc(c1CC(=O)NCc2ccc(OCC(F)(F)F)nc2)c3c(Cl)cccc3Cl
CHEMBL247471,99.9,C[C@@H](N(c1cc(F)ccc1F)S(=O)(=O)c2ccc(Cl)cc2)c3ccc(F)cc3CCCC(=O)O
CHEMBL426823,99.72,CCOc1oc2cc(OCCC3CCN(CC3)c4ccc(C)nn4)ccc2n1
CHEMBL495575,92.48,FC(F)(F)c1ccc(cc1S(=O)(=O)NC2CCNCC2)S(=O)(=O)c3ccccc3
CHEMBL2151138,91.64,CN1C(=O)C[C@](C)(NC1=N)c2cc(cs2)c3cccc(c3)C#N
CHEMBL2178579,99.71,Oc1c(NC(=O)Nc2cccc(F)c2Cl)ccc(Cl)c1S(=O)(=O)N3CCNCC3
CHEMBL108,70.58,NC(=O)N1c2ccccc2C=Cc3ccccc13
CHEMBL1703518,99.65,CCN(CC)S(=O)(=O)c1ccc(cc1)c2oc(SCC(=O)N3CCc4ccccc34)nn2
CHEMBL1951575,99.85,CC(C)(C)NC(=O)c1ccc(Oc2cc(F)c(CC(=O)O)cc2Cl)c(NS(=O)(=O)c3ccc(cc3Cl)C4CC4)c1
CHEMBL2170985,84.6,Nc1ncnc2c1ncn2[C@@H]3O[C@H](CSCCCNC(=O)NCc4ccccc4)[C@@H](O)[C@H]3O
CHEMBL1470371,71.99,NC(=O)c1cccc2c3CCCCc3[nH]c12
CHEMBL427851,85.19,Cc1oc(CN2CCNCC2)cc1C(=O)NCC34CC5CC(CC(C5)C3)C4
CHEMBL277474,19.35,CN1N(C(=O)C=C1C)c2ccccc2
CHEMBL195309,93.1,Cc1nccn1c2ccc(Sc3cccc(c3)C4(CCOCC4)C(=O)N)cc2
CHEMBL1254945,99.05,Clc1cccc2CN(C(=O)c12)c3cccc(c3)C(=O)N4CCC5(CC4)CCN(CC5)c6ccncc6
CHEMBL1950725,32.88,CN[C@@H](C)C(=O)N[C@@H](C1CCCCC1)C(=O)N[C@H]2CCN(C2)C(=O)Cc3ccccc3
CHEMBL36,92.64,CCc1nc(N)nc(N)c1c2ccc(Cl)cc2
CHEMBL2151176,99.01,COc1cc(Nc2nc(COC3CCCC3)c4COCCc4n2)ccc1n5cnc(C)c5
CHEMBL233263,88.35,C[C@H](CO)Nc1nc(SCc2occc2)nc3nc(N)sc13
CHEMBL49247,97.38,C1COc2c(O1)cccc2N3CCN(CC3)C4Cc5ccccc5C4
CHEMBL1604571,95.91,CCOC(=O)C(CCc1ccccc1)NC2CCc3ccccc3N(CC(=O)O)C2=O
CHEMBL406366,99.03,OC(=O)CSCC(=O)Nc1nc(cs1)c2ccccc2
CHEMBL2338405,94.79,CC(C)(C)NC(=O)NCCN1CCN(CC(=O)Nc2cc(Cl)cc(Cl)c2)CC1
CHEMBL562310,98.89,O=C(Nc1cccc2cccnc12)c3ccc(cc3)N4C(=O)[C@@H]5[C@H]6C[C@H](C=C6)[C@@H]5C4=O
CHEMBL1346,95.12,NC(=O)C([C@@H]1CCN(CCc2ccc3OCCc3c2)C1)(c4ccccc4)c5ccccc5
CHEMBL106,14.23,OC(Cn1cncn1)(Cn2cncn2)c3ccc(F)cc3F
CHEMBL605846,59.11,COc1ccc(CC(C)(C)NC[C@H](O)c2cc(O)cc3NC(=O)COc23)cc1
CHEMBL1360603,95.82,CCOc1ccccc1C(=O)NCc2occc2
CHEMBL1709327,81.36,CC1CN2C(C(C)O1)C3(Cc4cc(ccc24)[N+](=O)[O-])C(=O)N(C)C(=O)N(C)C3=O
CHEMBL1797387,99.8,Cc1onc(c1NC(=O)OCc2c(F)cccc2Cl)c3c(Cl)cccc3Cl
CHEMBL1631095,96.72,NC(=O)c1cc(C(=O)N)n(n1)c2cccc(c2)c3cc(ccc3C(F)(F)F)C(F)(F)F
CHEMBL2207654,95.01,O[C@H](CNC(=O)C1=CNC(=O)c2cc(ccc12)S(=O)(=O)N3CCC3)CN4CCC(CC4)Oc5ccc(Cl)c(Cl)c5
CHEMBL20921,73.81,Nc1ccc2nc(SCC(=O)NC3CCN(Cc4ccc(Cl)c(Cl)c4)CC3)sc2c1
CHEMBL325041,86.85,CC(C)C[C@H](NC(=O)[C@H](Cc1ccccc1)NC(=O)c2cnccn2)B(O)O
CHEMBL456237,99.94,Fc1ccc(cc1)c2c3cccc(c3nn2Cc4ccc(F)cc4Cl)C(F)(F)F
CHEMBL1381233,93.1,O=C(Nc1ccncc1)c2cccc3ccccc23
CHEMBL1210207,98.51,CCOc1cc(CN2CCC(CC2)NC(=O)c3cncc(C)c3)cc(OCC)c1c4ccc(F)cc4
CHEMBL1668935,71.05,CS(=O)(=O)N1CCC(CC1)NC(=O)NC23CC4CC(CC(C4)C2)C3
CHEMBL2031227,68.13,CN1CCN(CC1)c2ccc3N=CN(C(=O)c3c2)c4cc(NC(=O)c5ccc(cc5)C#N)ccc4C
CHEMBL171951,83.04,CCCS(=O)(=O)N1N=Cc2cc(Cl)ccc2B1O
CHEMBL1689115,84.3,OC(=O)COc1ccc(Cl)cc1CN2CCCN(CC2)S(=O)(=O)Cc3ccccc3
CHEMBL2062573,88.82,CC(=O)Nc1ccc2ccn(c3cc(NCCN4CCOCC4)n5ncc(C#N)c5n3)c2c1
CHEMBL2012204,96.72,Cc1onc(c1)[C@H](O)[C@](C)(OCc2ccc(cc2)c3ccccc3)C(=O)NO
CHEMBL141157,55.73,CCOC(=O)\C=C\[C@H](C[C@@H]1CCNC1=O)NC(=O)[C@H](CC#C)N2C=CC=C(NC(=O)c3cc(C)on3)C2=O
CHEMBL1684954,99.59,C[C@@H](NC(=O)Cc1ccc(cc1)C2CC2)c3ccc(OCC(F)(F)F)cn3
CHEMBL375166,51.15,CC(C)CN1C(=O)N(C)C(=O)c2c1sc(Cc3c(C)n[nH]c3C)c2C(=O)N4C[C@H](O)CO4
CHEMBL2338020,93.39,CCc1[nH]c2nc(Sc3cnc4ccc[n+]([O-])c4c3)nc(N5C[C@@H]6[C@@H](N)[C@@H]6C5)c2c1Cl
CHEMBL397647,82.05,C[N+](C)(Cc1ccc(NC(=O)c2ccc(Cl)c(Cl)c2)cc1)C3CCOCC3
CHEMBL1086580,97.6,Oc1nc(nc2CCSCc12)c3ccc(cc3)C(F)(F)F
CHEMBL1422,23.19,N[C@@H](CC(=O)N1CCn2c(C1)nnc2C(F)(F)F)Cc3cc(F)c(F)cc3F
CHEMBL601882,95.82,CN(C(=O)c1c(C)onc1c2ccccc2)c3ccc(Cl)cc3
CHEMBL29384,70.1,OC(=O)C1=CN(Cc2ccccc2)c3cc(N4CCNCC4)c(F)cc3C1=O
CHEMBL2070121,66.1,COc1cnc(nc1N2CCOCC2)c3ccccn3
CHEMBL87,32.88,COC1=CC=C2C(=CC1=O)C(CCc3cc(OC)c(OC)c(OC)c23)NC(=O)C
CHEMBL2088393,94.9,CC(C)(C)Oc1ccc(cc1)C(=O)Nc2ccc3sc(CO)nc3c2
CHEMBL9967,24.03,CN1CCN(CC(=O)N2c3ccccc3C(=O)Nc4cccnc24)CC1
CHEMBL109980,74.69,CC(C)(N)C(=O)N[C@H](COCc1ccc(F)cc1F)C(=O)N2CCC3=NN(CC(F)(F)F)C(=O)[C@]3(Cc4ccccn4)C2
CHEMBL284275,80.65,COc1ccc(Cc2c(N)n[nH]c2N)cc1
CHEMBL2062576,93.24,CC(=O)Nc1ccc2ccn(c3cc(NCCCN4CCCC4)n5ncc(C#N)c5n3)c2c1
CHEMBL1916263,99.87,CCC(CC)NC(=O)c1cn(nc1NS(=O)(=O)c2ccc(C)cc2)c3ccccc3
CHEMBL65693,99.45,CS(=O)(=O)Nc1ccc2[nH]c(Cc3ccc(Oc4ccccc4)cc3)nc2c1
CHEMBL402146,90.72,Fc1ccc(cc1F)C(=O)Nc2ccc(Cl)nc2
CHEMBL235392,95.33,Clc1ccc(CN2CC3CNCC(C2)O3)cc1C(=O)NCC45CC6CC(CC(C6)C4)C5
CHEMBL2165175,99.75,Cc1cc(ccn1)C2=CC(=O)NC(=N2)NCc3cccc4ccccc34
CHEMBL257991,99.01,O=C(Nc1ccccc1c2cn3c(CN4CCNCC4)csc3n2)c5cnc6ccccc6n5
CHEMBL1950847,48.85,CN[C@@H](C)C(=O)N[C@H](C(=O)N[C@H]1CCCN(C1)S(=O)(=O)Cc2ccccc2)C(C)(C)C
CHEMBL460102,74.25,CC(C)n1c(C)ncc1c2nc(Nc3ccc(cc3)C(=O)N4CC[C@@H](C4)N(C)C)ncc2F
CHEMBL515062,82.39,CC(C)Oc1cc(Nc2nc(N[C@@H](C)c3ccc(F)cn3)nc(OC(CO)CO)c2Cl)n[nH]1
CHEMBL2029721,96.72,CN(CC(=O)NC1CC1)C(=O)c2ccc3c(c2)c4CC(CCc4n3C)C5CCOCC5
CHEMBL510193,99.91,Fc1ccc(cc1)c2cnc([nH]2)C3CCN(Cc4ccn(c4)c5ccc(cc5)C(F)(F)F)CC3
CHEMBL564607,99.23,OC(=O)c1ccc(cc1)c2ccc(Cl)c(c2)C(=O)NCC34CC5CC(CC(C5)C3)C4
CHEMBL1813048,98.81,CC(=O)Nc1cccc(Nc2ncnc(n2)N3CCC(CC3)OCc4ccc(OC(F)(F)F)cc4)c1C
CHEMBL1994944,93.24,Cn1ncc2C(=O)NC(=Nc12)c3ccccc3
CHEMBL1740000,97.71,FC(F)(F)c1ccc2Sc3ccccc3N(C(=O)CN4CCCC4)c2c1
CHEMBL335744,97.55,CC(C)C(=O)Nc1nc(cc2ccccc12)c3ccccn3
CHEMBL1017,99.23,CCCc1nc2c(C)cc(cc2n1Cc3ccc(cc3)c4ccccc4C(=O)O)c5nc6ccccc6n5C
CHEMBL2147569,96.79,C[C@]12Cc3cnn(c3C=C1CC[C@@]2(O)CCc4ccc(F)cc4C(=O)N)c5ccc(F)cc5
CHEMBL2335906,96.42,C[C@@H](NC1=CC(=O)CNC1)c2ccc(Nc3ncc4cc(ccc4n3)c5ccncc5)cc2
CHEMBL601719,92.16,C[C@@H](Oc1cc(cnc1N)c2cnn(c2)C3CCNCC3)c4c(Cl)ccc(F)c4Cl
CHEMBL2059876,98.21,Cc1ccc(cc1NC(=O)c2ccc(OCc3ccccn3)cc2)c4ccncc4
CHEMBL2062570,98.37,CC(=O)Nc1ccc2ccn(c3cc(Nc4ccn(C)n4)n5ncc(C#N)c5n3)c2c1
CHEMBL1818294,93.94,CN(C)CCN1CCN(CC1)c2cc(C(=O)NC[C@@H]3CC[C@@H](CNC(=O)OC(C)(C)C)CC3)c4ccccc4n2
CHEMBL184412,99.91,CCCCN(CCCC)CCCOc1ccc(cc1)C(=O)c2c(CCCC)oc3ccc(NS(=O)(=O)C)cc23
CHEMBL219098,99.28,CC(C)CN1C(=O)N(C)C(=O)c2c1sc(Oc3cccc4ccccc34)c2C(=O)N5CC[C@@H](O)C5
CHEMBL2181808,98.33,Cc1c(CC(=O)O)c2cc(F)ccc2n1Cc3nc4ccccc4s3
CHEMBL495727,66.61,O=C(NC1CC1)Nc2c[nH]nc2c3nc4cc(CN5CCOCC5)ccc4[nH]3
CHEMBL1213082,98.64,Cc1ccccc1N2C(=Nc3cccc(C)c3C2=O)Cn4cnc5c(N)ncnc45
CHEMBL1807820,99.33,O[C@@H](CNCCCSCCOCCc1cccc2ccccc12)c3ccc(O)c4NC(=O)Sc34
CHEMBL2208431,96.5,O[C@H](CNC(=O)C1=NNC(=O)c2ccccc12)CN3CCC(CC3)Oc4ccc(Cl)c(Cl)c4
CHEMBL560219,99.03,OCCN1C=Cc2c(NC(=O)Cc3ccc(Cl)c(c3)C(F)(F)F)cccc2C1=O
CHEMBL1934426,92.64,C[C@H](NC(=O)c1c(C)nn(C2CCOCC2)c1NS(=O)(=O)c3ccc(cc3)C4CC4)C(C)(C)C
CHEMBL339053,99.3,Clc1ccc(C[C@@H](NC(=O)[C@H]2Cc3ccccc3CN2)C(=O)N4CCC(Cn5cncn5)(CC4)C6CCCCC6)cc1
CHEMBL300138,99.83,Cn1cc(C2=C(C(=O)NC2=O)c3cn(C4CCN(Cc5ccccn5)CC4)c6ccccc36)c7ccccc17
CHEMBL481,57.99,CCc1c2CN3C(=O)C4=C(C=C3c2nc5ccc(OC(=O)N6CCC(CC6)N7CCCCC7)cc15)[C@@](O)(CC)C(=O)OC4
CHEMBL321758,31.87,C[C@H]([C@H](O)c1ccc(O)cc1)N2CCC(O)(CC2)c3ccccc3
CHEMBL192,95.53,CCCc1nn(C)c2C(=O)NC(=Nc12)c3cc(ccc3OCC)S(=O)(=O)N4CCN(C)CC4
CHEMBL480924,97.81,CCOc1cc2ncc(C(=O)N)c(Nc3ccc(F)cc3F)c2cc1N4CCCN(CC4)C5CC5
CHEMBL2153581,99.91,Fc1ccc(cc1C(F)(F)F)c2cc(CNC(=O)CCCc3ccc4cccnc4n3)on2
CHEMBL1950721,48.85,CN[C@@H](C)C(=O)N[C@@H](C1CCCCC1)C(=O)N[C@H]2CCN(Cc3ccccc3)C2
CHEMBL1761870,92.32,C[C@@H]1CN(C[C@H](C)N1)C(=O)N[C@H](Cc2ccc(F)cc2)C(=O)N3CCC(CC3)(C4CCCCC4)C(=O)NC(C)(C)C
CHEMBL1921926,95.72,C[C@@](N1CCCCC1)(C(=O)O[C@H]2C[N+]3(CCCc4ccc5ncsc5c4)CCC2CC3)c6ccccc6
CHEMBL1313956,93.24,Clc1ccccc1OCC(=O)c2ccc[nH]2
CHEMBL2011912,97.32,CNc1c(Br)cnc2[nH]c(nc12)c3ccnc(N)c3
CHEMBL497963,97,Cc1ccc2c(OCCN3CCC(Cc4cccc(NS(=O)(=O)C)c4)CC3)cccc2n1
CHEMBL1609026,98.81,Brc1ccc(cc1)S(=O)(=O)CCC(=O)Nc2ccc3OCOc3c2
CHEMBL473,66.1,CN(CCOc1ccc(NS(=O)(=O)C)cc1)CCc2ccc(NS(=O)(=O)C)cc2
CHEMBL1914480,53.45,COc1ccc2N=CC(=O)N(CCN3CCC(CC3)NCc4cc5OCCOc5cn4)c2n1
CHEMBL1950723,64.01,CN[C@@H](C)C(=O)N[C@@H](C1CCCCC1)C(=O)N[C@H]2CCN(CCCc3ccccc3)C2
CHEMBL481611,93.94,CC(C)(F)C[C@H](N[C@@H](c1ccc(cc1)c2ccc(cc2)S(=O)(=O)C)C(F)(F)F)C(=O)NC3(CC3)C#N
CHEMBL2335901,95.23,C[C@@H](NC(=O)C1CCNCC1)c2ccc(Nc3ncc4cc(ccc4n3)c5ccncc5)cc2
CHEMBL2087433,51.73,COc1cc(C)c(c(C)c1)S(=O)(=O)N(C)CCOCC(=O)N2CCC(CC2)C3CCN(C)CC3
CHEMBL1309980,50,Clc1ccc(cc1)S(=O)(=O)C2=CC3=C(N=C4C=CC=CN4C3=O)N(C5CCCC5)C2=N
CHEMBL2164565,95.72,CCN(CCO)C(=O)c1cc2cccnn2c1c3cccc(c3)C(F)(F)F
CHEMBL1201753,98,O[C@H](C[C@H](O)\C=C\c1c(nc2ccccc2c1c3ccc(F)cc3)C4CC4)CC(=O)O
CHEMBL165330,62.94,CC(O)(C(=O)Nc1ccc(cc1)S(=O)(=O)N2CCOCC2)C(F)(F)F
CHEMBL1770469,60.22,CSCCC(NC(=O)c1cnccn1)c2nc3ccccc3[nH]2
CHEMBL1610495,98.61,CNC(=O)c1cc(C(=O)c2ccc(Cl)cc2)c(Br)[nH]1
CHEMBL502,89.49,COc1cc2CC(CC3CCN(Cc4ccccc4)CC3)C(=O)c2cc1OC
CHEMBL464081,99.08,CC1(C)[C@@H]2CC[C@@]1(CS(=O)(=O)N3CCN(CC3)c4ccc(cn4)C(F)(F)F)C(=O)C2
CHEMBL1608462,96.5,CC(C)n1ncc2c(cc(nc12)C3CC3)C(=O)NCc4c(C)cc(C)nc4O
CHEMBL189963,77.21,CC(=O)C1=C(C)c2cnc(Nc3ccc(cn3)N4CCNCC4)nc2N(C5CCCC5)C1=O
CHEMBL1916271,98.7,CCN(C1CCCCC1)C(=O)c2cnn(c2NS(=O)(=O)c3ccc(cc3)c4ocnc4)c5ccccc5
CHEMBL1389370,92.16,CCN(CC)CCNc1ncnc2c1sc3nc(N4CCOCC4)c5CCCCc5c23
CHEMBL2335904,98,C[C@@H](NC1=CC(=O)CC1)c2ccc(Nc3ncc4cc(ccc4n3)c5ccncc5)cc2
CHEMBL205092,68.63,CC(C)CN1C(=O)N(C)C(=O)c2c1sc(Cc3c[nH]c4ncccc34)c2C(=O)N5CC[C@@H](O)C5
CHEMBL1934418,94.68,C[C@H](NC(=O)c1c(C)nn(C2CCSCC2)c1NS(=O)(=O)c3ccc(C)cc3)C(C)(C)C
CHEMBL481564,98.61,CCOc1cc2ncc(C(=O)N)c(Nc3ccc(F)cc3F)c2cc1N4CCN(CC4)C5CC5
CHEMBL2023489,98.89,COc1ccc2c(Oc3ccc(CC(=O)Nc4cn(C)nc4C)c(OC)c3)ccnc2c1
CHEMBL480,98.4,Cc1c(OCC(F)(F)F)ccnc1C[S+]([O-])c2nc3ccccc3[nH]2
CHEMBL1327979,79.92,Nc1nc2nc(cc(n2n1)C(F)(F)F)c3cccs3
CHEMBL247828,99.7,CC(C)N1C(=O)[C@@H](CCc2ccccc12)NC(=O)[C@@H](Cc3ccccc3OC(F)(F)F)NC(=O)OC(C)(C)C
CHEMBL2062567,92.48,CC(=O)Nc1ccc2OCCN(c3cc(NC4CC4)n5ncc(C#N)c5n3)c2c1
CHEMBL2169919,79.92,CC(C)N(CCCNC(=O)Nc1ccc(cc1)C(C)(C)C)C[C@H]2O[C@H]([C@H](O)[C@@H]2O)n3ccc4c(N)ncnc34
CHEMBL1486517,95.53,O=C(C1CCN(CC1)c2nnc(s2)n3cccc3)N4CCN(Cc5ccc6OCOc6c5)CC4
CHEMBL560993,99.36,Cc1c(Cc2ccc3ccccc3n2)c4cc(F)ccc4n1CC(=O)O
CHEMBL402831,98,C[C@@H](NC(=O)[C@@](C)(O)C(F)(F)F)c1ncc(cc1F)c2cc(Cl)cc(F)c2c3noc(C)n3
CHEMBL2147033,99.82,O=C1COC2(CCN(CC2)S(=O)(=O)c3ccc(cc3)c4ccc5cnccc5c4)CN1C6CC6
CHEMBL715,89.27,CN1CCN(CC1)C2=Nc3ccccc3Nc4sc(C)cc24
CHEMBL1916532,82.72,COc1ccc2ncc(F)c(CCN3CCC(CC3)NCc4cc5OCCOc5cn4)c2n1
CHEMBL7301,99.81,C\C(=C/C=C/C(=C/C(=O)Nc1ccc(O)cc1)/C)\C=C\C2=C(C)CCCC2(C)C
CHEMBL1950724,33.9,CN[C@@H](C)C(=O)N[C@@H](C1CCCCC1)C(=O)N[C@H]2CCN(C2)C(=O)c3ccccc3
CHEMBL550496,92.8,OC(=O)CNCCNc1ccc(Cl)c(c1)C(=O)NCC23CC4CC(CC(C4)C2)C3
CHEMBL514257,95.63,OC[C@H](Nc1ncc(Cl)c(Nc2cc([nH]n2)C3CC3)n1)c4ccc(F)cc4
CHEMBL2141746,65.06,CCCNC(=O)CSc1ccc(cn1)S(=O)(=O)N2CCCC2
CHEMBL95,53.45,Nc1c2CCCCc2nc3ccccc13
CHEMBL2207607,93.53,COc1cc(OC)c(cc1NC(=O)CCc2nn[nH]n2)S(=O)(=O)N3C(C)CCc4ccccc34
CHEMBL1916538,74.25,COc1ccc2COC(=O)N(CCN3CCC(CC3)NCc4ccc5OCC(=O)Nc5n4)c2c1
CHEMBL1027,94.9,Cc1ccsc1C(=CCCN2CCC[C@H](C2)C(=O)O)c3sccc3C
CHEMBL1950728,66.61,CN[C@@H](C)C(=O)N[C@@H](C1CCCCC1)C(=O)N[C@H]2CCCN(CCCc3ccccc3)C2
CHEMBL2164564,89.05,COc1ccc(cc1)c2c(cc3cccnn23)C(=O)N4CCC[C@H]4CO
CHEMBL551813,99.61,CN(C)c1nc(Cc2ccc(NC(=O)c3ccc(cc3)C(F)(F)F)cc2)nc(N(C)C)c1CC(=O)O
CHEMBL2170979,66.1,CC(C)N(CCCNC(=O)OCc1ccccc1)C[C@H]2O[C@H]([C@H](O)[C@@H]2O)n3cnc4c(N)ncnc34
CHEMBL1309609,97.07,O=C(CN1CCCCCC1)N2c3ccccc3Sc4ccccc24
CHEMBL30054,71.99,Fc1cccnc1CNC(=O)CN2C(=CN=C(NCC(F)(F)c3ccccn3)C2=O)Cl
CHEMBL1921925,99.68,C[C@@](N1CCCCC1)(C(=O)O[C@H]2C[N+]3(CCCc4cc5ccccc5s4)CCC2CC3)c6ccccc6
CHEMBL85,84.6,CC1=C(CCN2CCC(CC2)c3noc4cc(F)ccc34)C(=O)N5CCCCC5=N1
CHEMBL1916547,55.73,COc1ccc2N=NC(=O)N(CCN3CCC(CC3)NCc4ccc5OCC(=O)Nc5n4)c2c1
CHEMBL259081,99.88,O=C1N=C(NCc2ccccc2)SN1Cc3ccccc3
CHEMBL2216839,98.09,C[C@@H]1CN(Cc2oc(nn2)c3cc(cc4[nH]ncc34)c5cccc6[nH]ccc56)C[C@H](C)O1
CHEMBL143305,99.66,Cc1cc(CCCOc2c(Cl)cc(cc2Cl)C3=NCCO3)on1
CHEMBL1671897,99.34,COc1ccc(CC(=O)NCc2ccccc2c3ccccc3C(=O)NCCc4cccnc4)cc1
CHEMBL2107834,91.46,COC(=O)N(C)c1c(N)nc(nc1N)c2nn(Cc3ccccc3F)c4ncccc24
CHEMBL193240,99.5,FC(F)Oc1ccc(cc1OCC2CC2)C(=O)Nc3c(Cl)cncc3Cl
CHEMBL2151320,61.31,C[C@H](Nc1ccc2ncn(c3cc(C)[nH]n3)c2n1)c4ncc(F)cn4
CHEMBL21731,87.37,CNCCCC12CCC(c3ccccc13)c4ccccc24
CHEMBL2177305,98.29,CCN1C=C(C=C(C)C1=O)[C@@]2(N=C(N)c3c(F)cccc23)c4cccc(NC(=O)c5ccc(Cl)cn5)c4
CHEMBL70,20.83,CN1CC[C@]23[C@H]4Oc5c(O)ccc(C[C@@H]1[C@@H]2C=C[C@@H]4O)c35
CHEMBL1592,95.82,CCOC(=O)[C@H](CCc1ccccc1)N[C@@H](C)C(=O)N2Cc3ccccc3C[C@H]2C(=O)O
CHEMBL423,27.55,CC(C)NCC(O)COc1ccc(CCOCC2CC2)cc1
CHEMBL122,93.1,CS(=O)(=O)c1ccc(cc1)C2=C(C(=O)OC2)c3ccccc3
CHEMBL447983,82.05,C[C@](N)(Cc1ccccc1)c2ccccc2
CHEMBL1934414,97.86,C[C@H](NC(=O)c1c(C)nn(C2CCCC2)c1NS(=O)(=O)c3ccc(C)cc3)C(C)(C)C
CHEMBL2059868,93.67,Cc1ccc(cc1NC(=O)c2ccc(OCc3ccccn3)cc2)c4[nH]cnc4C
CHEMBL2326864,53.45,CC(=O)Nc1nc(CCc2ccc(NC(=N)N)cc2)cs1
CHEMBL1957462,99.64,Cc1nn(C)c(C)c1c2ccc(cc2)c3nc4ccncc4c(O)c3C#N
CHEMBL604126,99.94,Cc1cc(Oc2ncc(cc2Cl)C(F)(F)F)ccc1CC3SC(=O)NC3=O
CHEMBL7568,88.59,CCN(CC)CCCC(C)Nc1c2ccc(Cl)cc2nc3ccc(OC)cc13
CHEMBL2338409,90.32,CC(C)(C)NC(=O)NCCN1CCC(CNC(=O)c2cc(Cl)cc(Cl)c2)C1
CHEMBL1289717,83.04,O=C1C=C(C=CN1c2ccc3c(cnn3CCN4CCCC4)c2)c5ccccc5
CHEMBL1957266,99.14,Cc1sc2c(C(=N[C@@H](CC(=O)OC(C)(C)C)c3nnc(C)n23)c4ccc(Cl)cc4)c1C
CHEMBL2337977,90.72,CC(C)(C)NC(=O)NCCN1CC(C1)NC(=O)c2cc(Cl)cc(Cl)c2
CHEMBL445,86.85,CNCCC=C1c2ccccc2CCc3ccccc13
CHEMBL1921923,22.38,C[C@@](N1CCCCC1)(C(=O)O[C@H]2C[N+]3(CCCc4cncnc4)CCC2CC3)c5ccccc5
CHEMBL594671,99.26,CC(C)[C@H](C(=O)Nc1nccs1)c2ccc(Cl)cc2
CHEMBL2110569,79.92,COC(=O)[C@@H]1C2CCC(C[C@@H]1c3ccc(I)cc3)N2CCCF
CHEMBL742,42.01,CNC1(CCCCC1=O)c2ccccc2Cl
CHEMBL1447076,89.49,NS(=O)(=O)c1ccc(cc1)N2N=C(CC2c3ccc(F)cc3)c4ccc(Br)cc4
CHEMBL472524,98.21,CCNC(=O)Nc1nc2cc(ccc2[nH]1)c3cccnc3
CHEMBL611,79.55,COc1cc2nc(nc(N)c2cc1OC)N3CCN(CC3)C(=O)C4CCCO4
CHEMBL2098183,99.01,COc1ccc2nc(C)cc(OCC(=O)NCc3ccccc3)c2c1
CHEMBL121,99.74,CN(CCOc1ccc(CC2SC(=O)NC2=O)cc1)c3ccccn3
CHEMBL272705,98.4,C[C@H](CO)Nc1nc(SCc2occc2)nc3NC(=O)Sc13
CHEMBL1950732,80.29,CN[C@@H](C)C(=O)N[C@@H](C1CCCCC1)C(=O)N[C@H]2CCCCN(Cc3ccccc3)C2
CHEMBL182997,42.01,CC(C)(C)[C@@H](O)C(=O)N1CCC[C@H]1C(=O)NCc2cc(Cl)ccc2CN
CHEMBL2048863,97.66,N[C@H]1CCN(C1)c2c(Cl)cccc2\C=C\3/SC(=O)NC3=O
CHEMBL230245,95.53,CC(C)S(=O)(=O)N(C)c1cc(cc(NC[C@H]2C[C@@H]2C)n1)C(=O)N[C@@H](Cc3ccccc3)[C@@H](N)CF
CHEMBL315708,96.93,c1ccc(cc1)c2[nH]nc3ccccc23
CHEMBL1353474,86.05,Cc1cc(C)c(c(C)c1)S(=O)(=O)NCc2ccncc2
CHEMBL1950846,59.11,CN[C@@H](C)C(=O)N[C@H](C(=O)N[C@H]1CCCN(C1)S(=O)(=O)c2ccccc2)C(C)(C)C
CHEMBL2324355,98.4,Cc1nocc1C(=O)Nc2ccc(c(N)n2)c3ccccc3OC(F)(F)F
CHEMBL1464,99.31,CC(=O)CC(C1=C(O)c2ccccc2OC1=O)c3ccccc3
CHEMBL1222381,92.32,O=C(NC1CC1)c2cc(on2)c3cccs3
CHEMBL1320158,97.32,COc1cc(\C=C\C)ccc1Oc2nnnn2c3ccc(cc3)C(=O)N
CHEMBL1531981,99.8,Cc1oc(cc1C(=O)Nc2cccc(c2)C(=O)O)c3ccccc3
CHEMBL1231206,84.9,C[C@@H]1CNc2c(sc3ccc4nc(ccc4c23)c5ccc(C)nc5)C(=O)N1
CHEMBL837,92.32,CCc1c2CN3C(=O)C4=C(C=C3c2nc5ccc(O)cc15)[C@@](O)(CC)C(=O)OC4
CHEMBL2169920,96.87,Oc1ccc(CCNCCN(C2CCCCC2)C(=O)CCNCCc3ccc(Cl)c(Cl)c3)c4OCC(=O)Nc14
CHEMBL1161,99.77,C[C@@H]1C[C@H]2[C@@H]3CCC4=CC(=O)C=C[C@]4(C)[C@@]3(Cl)[C@@H](O)C[C@]2(C)[C@@]1(OC(=O)c5occc5)C(=O)CCl
CHEMBL1444,51.73,N#Cc1ccc(cc1)C(c2ccc(cc2)C#N)n3cncn3
CHEMBL907,99.51,CCCCc1nc(Cl)c(C(=O)O)n1Cc2ccc(cc2)c3ccccc3c4nn[nH]n4
CHEMBL267894,60.77,CCC1(CCC(C)C)C(=O)NC(=NC1=O)O
CHEMBL1916024,92.32,Nc1nc(nc(N)c1N2CCOCC2)c3nn(Cc4ccccc4F)c5ncccc35
CHEMBL2088415,99.73,OCc1nc2cc(ccc2s1)S(=O)(=O)Nc3ccc(cc3)C(F)(F)F
CHEMBL2011934,99.78,COc1ccc(cc1)c2nc3c(NCCCN(C)C(=O)C4CCC4)c(Br)cnc3[nH]2
CHEMBL219046,99.93,OC(=O)c1c(O)c(Cc2ccc(Cl)cc2)nc3c4CCCCc4ccc13
CHEMBL1525826,76.81,COc1nccnc1NS(=O)(=O)c2ccc(N)cc2
CHEMBL591931,89.91,NC(=N)c1cc2c(cccc2s1)c3ccccc3
CHEMBL173706,40.34,CC(C)(C)NCC(O)COc1nsnc1N2CCOCC2
CHEMBL168634,91.64,Cc1ccc(cc1)S(=O)(=O)N2N=Cc3ccccc3B2O
CHEMBL2139925,99.65,CCc1nc2ccc(cn2c1N(C)Cc3cccs3)C(=O)NCc4ccc5OCOc5c4
CHEMBL262273,78.01,CC(O)(C(=O)Nc1ccc(cc1)S(=O)(=O)N2CCCC2)C(F)(F)F
CHEMBL1416617,98.7,Cc1nn(c(N)c1c2ccccc2)c3ccccc3
CHEMBL1921922,86.05,Cc1ccc(CCC[N+]23CCC(CC2)[C@H](C3)OC(=O)[C@@](C)(N4CCCCC4)c5ccccc5)cn1
CHEMBL384536,75.55,CC(C)CN1C(=O)N(C)C(=O)c2c1sc(Cc3c[nH]c4ncccc34)c2C(=O)N5C[C@H](O)CO5
CHEMBL1402150,71.99,Fc1ccc(cc1F)N2C=CN=C(SCC(=O)NC3CCCC3)C2=O
CHEMBL2144069,99.61,CN1C=Nc2ccc(Nc3cc(NC(=O)c4cccc(c4)C(C)(C)C#N)ccc3C)cc2C1=O
CHEMBL411329,97.86,O[C@@H]([C@@H]1CCCCN1)c2cc(nc3c(cccc23)C(F)(F)F)C(F)(F)F
CHEMBL1801504,79.92,Fc1ccc2C(=CC(=O)Nc2c1F)Cn3c(nc4nccnc34)C5CCC5
CHEMBL225519,41.45,O=C1NCCc2[nH]c(cc12)c3ccncc3
CHEMBL1477,99.01,COCc1c(nc(C(C)C)c(\C=C\[C@@H](O)C[C@@H](O)CC(=O)O)c1c2ccc(F)cc2)C(C)C
CHEMBL2177173,92.16,CN1CCN(CC1)S(=O)(=O)c2ccc(cc2)c3cnc(N)c(n3)C(=O)Nc4cnccc4CN5CCCC5
CHEMBL1921946,88.35,C[C@@](N1CCCCC1)(C(=O)O[C@H]2C[N+]3(CC(=O)Nc4ccccn4)CCC2CC3)c5ccccc5
CHEMBL1532611,96.57,Nc1ccc(OCCc2ccccc2)cc1
CHEMBL400585,98.61,OC(=O)COn1c(nc2ccc(cc12)[N+](=O)[O-])c3ccccc3
CHEMBL507674,90.12,CCN1CCN(C(=O)N[C@@H](C(=O)N[C@H]2[C@H]3SCC(=C(N3C2=O)C(=O)O)CSc4nnnn4C)c5ccc(O)cc5)C(=O)C1=O
CHEMBL256668,98.86,C[C@H](CO)Nc1nc(SCc2cccc(F)c2F)nc3NC(=O)C=Nc13
CHEMBL205526,99.9,CC(C)CN1C(=O)N(C)C(=O)c2c(SCCCO)c(Cc3cccc4ccccc34)sc12
CHEMBL809,98.54,CN[C@H]1CC[C@@H](c2ccc(Cl)c(Cl)c2)c3ccccc13
CHEMBL1230662,91.99,CN[C@@H](C)C(=O)N[C@H](C(=O)N1CCC[C@H]1C(=O)N[C@@H]2CCCc3ccccc23)C(C)(C)C
CHEMBL83597,86.32,CN1CCC[C@@H]1Cc2c[nH]c3ccc(Nc4ncccc4[N+](=O)[O-])cc23
CHEMBL2042018,81.01,NC(=O)[C@H](Cc1ccccc1)NC(=O)OCc2ccccc2
CHEMBL232656,97.95,C[C@@H]1CN(Cc2ccc(F)cc2)CCN1C(=O)COc3ccc(Cl)cc3NC(=O)N
CHEMBL1173055,76.81,CNCc1ccc(cc1)c2[nH]c3cc(F)cc4C(=O)NCCc2c34
CHEMBL2088413,97.07,Cc1ccc(CCNC(=O)c2ccc3sc(CO)nc3c2)cc1
CHEMBL1435,90.32,Cc1nnc(SCC2=C(N3[C@H](SC2)[C@H](NC(=O)Cn4cnnn4)C3=O)C(=O)O)s1
CHEMBL602180,93.39,COc1cnc(nc1N2CCCC2)c3ccccn3
CHEMBL560167,89.05,OCCCNCCOc1cc(C(=O)NCC23CC4CC(CC(C4)C2)C3)c(Cl)cn1
CHEMBL2018954,99.67,COc1ccc(COc2nc(Br)cnc2NS(=O)(=O)c3ccc(C)cc3)cc1OCCN(C)C
CHEMBL2021721,96,COc1ccc2cc(ccc2c1)S(=O)(=O)N[C@H](CC(=O)N[C@H](Cc3ccc(CN4[C@H](C)CCC[C@@H]4C)cc3)C(=O)N(C)C(C)C)c5ccc6OCOc6c5
CHEMBL2164670,94.9,COc1ccccc1C(NC(=O)[C@@H]2CCCC[C@H]2C(=O)N3CCN(Cc4ccc(F)cc4)CC3)C#N
CHEMBL398149,89.27,CC(=O)Nc1cccc(Nc2nc(NC3CC3)n4ncc(C#N)c4n2)c1
CHEMBL2070137,99.89,CCS(=O)(=O)c1ccc2[nH]c(nc2c1)c3cccc(c3)c4ccccc4
CHEMBL407,55.73,CCOC(=O)c1ncn2c1CN(C)C(=O)c3cc(F)ccc23
CHEMBL561368,99.44,CC(C)NC(=O)c1cnc(N2CCC(CC2)N3C(=O)OCc4ccccc34)c(Cl)c1
CHEMBL2171018,99.92,COc1cccc(c1)C(=O)NCCN2CCC(CC2)Oc3ccc(Cl)c(Cl)c3
CHEMBL1789155,41.45,NCC[C@@H](Sc1cc(Cl)ccc1C#N)c2ccccc2
CHEMBL1312533,97.91,CC(=O)NC1CC2CCCC(C1)N2C(=O)Nc3ccc(Cl)c(c3)C(F)(F)F
CHEMBL1290383,99.34,Clc1ccc(cc1)c2oc3C=CN(C(=O)c3c2)c4ccc5c(cnn5CCN6CCCC6)c4
CHEMBL1454310,99.8,Cc1cc(I)cc2C3C=CCC3C(Nc12)C(=O)O
CHEMBL1322893,40.89,COc1ccccc1c2csc(n2)n3ncc(C#N)c3N
CHEMBL2180015,99.4,CC#Cc1ccnc(c1)c2cc(ccc2O)C3(N=C(C)C(=N3)N)C4CC4
CHEMBL1263,93.39,OCc1cc(ccc1O)C(O)CNCCCCCCOCCCCc2ccccc2
CHEMBL1916261,99.28,CCC(CC)NC(=O)c1nnn(c1NS(=O)(=O)c2ccc(C)cc2)c3ccccc3
CHEMBL1257491,99.85,Oc1ccc2cc(CNCCc3ccc(Br)cc3)c(nc2c1)c4ccsc4
CHEMBL1956163,98.4,O=C(Nc1cccc2cccnc12)[C@@H]3CC[C@H](CC3)N4C(=O)[C@@H]5[C@@H]6CC[C@@H](C6)[C@@H]5C4=O
CHEMBL1683934,88.11,O[C@@H](CNCCCCCCCCCN1CCC(CC1)OC(=O)Nc2ccccc2c3ccccc3)c4ccc(O)c5NC(=O)C=Cc45
CHEMBL1614705,74.69,OCC(=O)N1CCC(CC1)c2[nH]nc(c3ccc(Cl)cc3F)c2c4ccncn4
CHEMBL1463345,94.06,C[C@]12CCC(=O)C=C1C=C[C@@H]3[C@@H]2CC[C@@]4(C)[C@H]3CC[C@@]45CCC(=O)O5
CHEMBL2070117,95.12,COc1cnc(nc1N2CCCCC2)c3ccccn3
CHEMBL1939414,64.54,Nc1nc(Nc2cccc(Br)c2)c3nc[nH]c3n1
CHEMBL2337982,47.12,O=C(CN1CCN(CCC2CCOCC2)CC1)NC34CC5CC(CC(C5)C3)C4
CHEMBL2207226,99.01,COc1cc(OC)c(cc1NC(=O)Cc2ccnc(F)c2)S(=O)(=O)N3c4ccccc4Oc5ccccc35
CHEMBL522460,64.54,Cc1ccccc1CN2CCC(CC2)N3CCC(CC3)N4C(=O)Nc5ccccc45
CHEMBL1486109,97.6,COc1ccc(cc1)c2onc(n2)c3ccccn3
CHEMBL416,92.32,COc1c2OC(=O)C=Cc2cc3ccoc13
CHEMBL1950845,93.24,CN[C@@H](C)C(=O)N[C@@H](C1CCCCC1)C(=O)N[C@H]2CCCN(C2)[C@@H]3CCCc4ccccc34
CHEMBL343199,94.56,CCOC(=O)Nc1cc2NCCC(=Nc2c(N)n1)c3ccccc3
CHEMBL2,96,COc1cc2nc(nc(N)c2cc1OC)N3CCN(CC3)C(=O)c4occc4
CHEMBL509973,97.81,CC(NC(=O)c1cc2ccccc2[nH]1)c3ccccc3
CHEMBL2062568,97.38,CC(=O)Nc1ccc2CCCN(c3cc(NC4CC4)n5ncc(C#N)c5n3)c2c1
CHEMBL27890,99.89,COc1ccc2C(=CC(=O)N(Cc3ccc(cc3)c4ccccc4c5nn[nH]n5)c2c1)O
CHEMBL57531,88.59,Nc1ncc2cc(c(N)nc2n1)c3c(Br)cccc3Br
CHEMBL213029,99.01,COc1ccc2c(c1)c(CC(=O)O)c(C)n2c3ccnc4cc(Cl)ccc34
CHEMBL398338,99.78,CC(C)(C)c1ccc2[C@@H](CCc2c1)NC(=O)Nc3cccc4[nH]ncc34
CHEMBL1020,99.72,Cc1ccc(cc1)C(=O)c2ccc(CC(=O)O)n2C
CHEMBL481557,91.64,CCOc1cc2ncc(C(=O)N)c(Nc3ccc(F)cc3F)c2cc1N4CCOCC4
CHEMBL1235773,91.1,COc1ccc2ncc(C#N)c(CCN3CCC(CC3)NCc4cc5SCOc5cn4)c2c1
CHEMBL1358402,84,CC(=O)OC1C(O)C2C(C)(C)CCC(O)C2(C)C3(O)C(=O)CC(C)(OC13C)C=C
CHEMBL472,99.88,COc1ccc(Cl)cc1C(=O)NCCc2ccc(cc2)S(=O)(=O)NC(=O)NC3CCCCC3
CHEMBL81,99.5,Oc1ccc(cc1)c2sc3cc(O)ccc3c2C(=O)c4ccc(OCCN5CCCCC5)cc4
CHEMBL254497,98.89,CC(C)(C)OC(=O)N[C@H](Cc1ccccc1C(F)(F)F)C(=O)NCc2nc3cccnc3n2Cc4ccccc4
CHEMBL103667,99.66,Cc1ccc(cc1)n2nc(cc2NC(=O)Nc3ccc(OCCN4CCOCC4)c5ccccc35)C(C)(C)C
CHEMBL2048864,92.16,Clc1cccc(\C=C\2/SC(=O)NC2=O)c1N3CCNCC3
CHEMBL1468264,88.82,COc1cc(OC)c2nc(C)c3CCN(c4ccc(O)cc4)c3c2c1
CHEMBL1807849,77.21,Nc1nc(OCC2CCC2)nc3c1ncn3[C@@H]4O[C@H](CF)[C@@H](O)[C@H]4O
CHEMBL51594,56.86,C1Cc2ccccc2CN1c3ccncc3
CHEMBL204825,58.55,Oc1nnc(Cc2cccc(c2)C(=O)N3CCOCC3)c4ccccc14
CHEMBL1087898,82.72,C[C@H](Nc1cncc(Nc2ncc(C)s2)n1)c3ncc(F)cn3
CHEMBL2208430,98.09,O[C@H](CNC(=O)c1c[nH]c2ccccc12)CN3CCC(CC3)Oc4ccc(Cl)c(Cl)c4
CHEMBL564737,91.1,OC(=O)c1ccccc1c2ccc(Cl)c(c2)C(=O)NCC3(O)CCCCCC3
CHEMBL669,92.16,CN(C)CCC=C1c2ccccc2C=Cc3ccccc13
CHEMBL1515,18.99,CN1C=CNC1=S
CHEMBL2011927,86.59,COc1ccc(cc1)c2nc3c(OCC4CCNCC4)c(Br)cnc3[nH]2
CHEMBL1534781,96,COc1cnc(nc1N(C)c2ccccc2)c3ccccn3
CHEMBL191003,81.01,Nc1nc(Nc2ccc(cc2)S(=O)(=O)N)nn1C(=O)c3c(F)cccc3F
CHEMBL1645107,88.11,Nc1nc2ccc(cc2s1)c3ccncc3
CHEMBL2068817,93.1,COc1ccccc1CN(C(=O)C)c2cnccc2Oc3ccccc3
CHEMBL471412,99.67,COc1ccc(N(C(C(=O)NC2CCCC2)c3ccccc3F)C(=O)c4ccccc4)c(OC)c1
CHEMBL1352372,89.05,Nc1nc2OC(COc3ccccc3)Cc2c(N)c1C#N
CHEMBL319111,99.6,O=C1N(c2ccccc2)c3ccccc3C1(Cc4ccncc4)Cc5ccncc5
CHEMBL1652621,94.56,CN(Cc1oc2ccccc2c1C)C(=O)\C=C\c3cnc4NC(=O)CCc4c3
CHEMBL453,91.28,Cc1noc(NS(=O)(=O)c2ccc(N)cc2)c1C
CHEMBL1539841,99.67,Cc1nc2ccc(NS(=O)(=O)c3ccc4OCCOc4c3)cc2s1
CHEMBL182380,67.12,CCN(C1CCN(CCC(c2ccccc2)c3ccccc3)CC1)C(=O)NCc4ccc(cc4)S(=O)(=O)C
CHEMBL212432,75.12,N\C(=N/C(=O)c1nc(Cl)c(N)nc1N)\NCCCCc2ccc(OCC(O)CO)cc2
CHEMBL511444,98.4,CN[C@@H](C)C(=O)N[C@H](C(=O)N1CC[C@H]2CC[C@H](NC(=O)c3cccc4ccccc34)[C@@H]12)C(C)(C)C
CHEMBL259850,99.68,COc1ccc(CNC(=O)Nc2ncc(s2)[N+](=O)[O-])cc1
CHEMBL1191,93.53,Cc1nnc(NS(=O)(=O)c2ccc(N)cc2)s1
CHEMBL412142,98.13,Cc1c[nH]c(n1)c2cnc(NCCNc3ccc(cn3)C#N)nc2c4ccc(Cl)cc4Cl
CHEMBL6966,89.27,COc1ccc(CCN(C)CCCC(C#N)(C(C)C)c2ccc(OC)c(OC)c2)cc1OC
CHEMBL436826,99.53,CCOc1ccc(cc1)N2C(=O)c3ccccc3N=C2[C@@H](C)N(Cc4cccnc4)C(=O)Cc5ccc(cc5)C(F)(F)F
CHEMBL284237,47.12,C[C@]12N[C@H](Cc3ccccc13)c4ccccc24
CHEMBL2164371,90.52,FC(F)(F)Oc1ccc(CNC(=O)C2N(C3CCOCC3)C(=O)c4ccccc24)cc1
CHEMBL1734492,97,NC(=O)NC(=O)C(Nc1ccc2CCCc2c1)c3ccccc3
CHEMBL2158818,99.36,OC(=O)C(N1CCO[C@H](CN2CCC(CC2)Oc3ccc(Cl)c(Cl)c3)C1)c4ccccc4
CHEMBL88,20.08,ClCCN(CCCl)P1(=O)NCCCO1
CHEMBL1940832,71.53,O[C@@H](CNCCc1ccc(NC[C@H](O)c2ccccc2)cc1)c3ccc(O)c(NC=O)c3
CHEMBL2164395,90.72,FC(F)(F)COc1ccc(CNC(=O)C2N(CCc3ccccn3)C(=O)c4ccccc24)cn1
CHEMBL1073,99.12,Cc1cnc(cn1)C(=O)NCCc2ccc(cc2)S(=O)(=O)NC(=O)NC3CCCCC3
CHEMBL60066,53.45,[O-][n+]1cc(ccc1Cl)C(=O)Nc2ccc(F)cc2
CHEMBL2325635,99.19,Clc1ccc(Oc2ccc(cc2C#N)S(=O)(=O)Nc3ncc(Cl)s3)c(c1)c4ccnn4C5CNC5
CHEMBL407960,98.58,COc1ccc(OC)c(CNc2n[nH]c3ccnc(Oc4ccccc4)c23)c1
CHEMBL2062564,98.09,CC(=O)Nc1ccc2cnn(c3cc(NC4CC4)n5ncc(C#N)c5n3)c2c1
CHEMBL550410,97.32,Fc1cccc(CNC(=O)NC2CCN(Cc3ccn(c3)c4ccc(cc4)C(F)(F)F)CC2)c1
CHEMBL1363,31.87,COc1ccc(C[C@@H](C)NC[C@H](O)c2ccc(O)c(NC=O)c2)cc1
CHEMBL1950729,44.84,CN[C@@H](C)C(=O)N[C@@H](C1CCCCC1)C(=O)N[C@H]2CCCN(C2)C(=O)c3ccccc3
CHEMBL210887,91.99,OCCCn1c(NC(=O)c2cccc(c2)[N+](=O)[O-])nc3ccccc13
CHEMBL82663,94.44,Oc1ccc(CCNCCS(=O)(=O)CCCOCCc2ccccc2)c3sc(O)nc13
CHEMBL1300857,99.48,Cc1[nH]c2ccc(cc2c1C)c3oc(SCC(=O)N4CCCc5ccccc45)nn3
CHEMBL236788,70.1,CCOc1cc(CN2CCC(CC2)Nc3oc4ccc(cc4n3)S(=O)(=O)N)cc(OCC)c1N
CHEMBL511115,98.84,COc1ccc(cc1OC2CCCC2)[C@@]3(CC[C@H](CC3)C(=O)O)C#N
CHEMBL2348645,99.81,CNc1nc(C)c(s1)c2nc(Nc3cccc(c3)N4CCCCC4)ncc2C#N
CHEMBL162203,98.89,Cc1cccc(n1)c2nc3cc(Cl)ccc3[nH]2
CHEMBL1939560,89.05,C[C@@H](N(CC1CCS(=O)(=O)CC1)C(=O)Cc2ccc(c(F)c2)C(F)(F)F)C3=Nc4ncccc4C(=O)N3c5ccc(Cl)cc5
CHEMBL206200,79.17,COCCNc1nc(N)c2nc(O)n(Cc3ccccc3)c2n1
CHEMBL480813,99.4,COc1cc2c(Nc3cccc(Cl)c3Cl)c(cnc2cc1NCCN4CCCCC4)C(=O)N
CHEMBL631,92.95,CCCNCC(O)COc1ccccc1C(=O)CCc2ccccc2
CHEMBL403656,98.29,C[C@H](CO)Nc1nc(SCc2cccc(F)c2F)nc3NC(=O)C(=Cc13)C#N
CHEMBL1458025,97.66,Cc1sc2ncnc(SCC(=O)N3CCN(CC3)C(=O)c4occc4)c2c1C
CHEMBL1097062,99.01,CC(C)NC(=O)C1=NN(C(=O)c2c(N)scc12)c3ccc(Cl)cc3
CHEMBL1560,90.12,C[C@H](CS)C(=O)N1CCC[C@H]1C(=O)O
CHEMBL165790,99.47,CC(C)Oc1ccc2C(=O)C(=COc2c1)c3ccccc3
CHEMBL347164,93.53,COc1ccc(cc1)c2nc(nc(O)c2C#N)N3CCOCC3
CHEMBL216981,98.21,CC[C@@H](NC1=C(Nc2cccc(C(=O)N(C)C)c2O)C(=O)C1=O)c3oc(C)cc3
CHEMBL32,30.88,COc1c(N2C[C@@H]3CCCN[C@@H]3C2)c(F)cc4C(=O)C(=CN(C5CC5)c14)C(=O)O
CHEMBL575448,97.91,C[C@]1(CCCN1c2nc(Nc3cc([nH]n3)C4CC4)c5cccn5n2)C(=O)Nc6ccc(F)nc6
CHEMBL2177113,98.51,NC1=NC(c2cccc(c2)c3cncnc3)(c4ccnc(c4)C5CC5)c6cccc(F)c16
CHEMBL1078685,84.9,N#Cc1cc(ccn1)c2n[nH]c(n2)c3ccncc3
CHEMBL219861,75.12,CC(C)CN1C(=O)N(C)C(=O)c2c1sc(Cc3ccnc4ccccc34)c2C(=O)N5C[C@H](O)CO5
CHEMBL24646,89.05,COc1ccc(cc1)c2nc3cc(ccc3[nH]2)C4=NNC(=O)CC4C
CHEMBL215295,45.98,NC(=N)c1ccc(CNC(=O)C2(Cc3ccccc3C2)NC(=O)[C@H](NCC(=O)O)C4CCCCC4)cc1
CHEMBL210884,89.49,COCCOc1nc(N)c2NC(=O)N(Cc3ccccc3)c2n1
CHEMBL1934419,79.17,C[C@H](NC(=O)c1c(C)nn(C2CCS(=O)(=O)CC2)c1NS(=O)(=O)c3ccc(C)cc3)C(C)(C)C
CHEMBL565073,96.87,Fc1ccc(cc1)C(NC(=O)CC2CCN(Cc3ccn(c3)c4ccc(cc4)C(F)(F)F)CC2)c5cccnc5
CHEMBL2323239,99.77,O=C(CSC1=NC2=C(SCC2)C(=O)N1c3ccccc3)Nc4ncc(s4)c5ccccc5
CHEMBL435,71.99,NS(=O)(=O)c1cc2c(NCNS2(=O)=O)cc1Cl
CHEMBL1294,85.48,COc1ccc2nccc([C@H](O)[C@H]3C[C@@H]4CCN3C[C@@H]4C=C)c2c1
CHEMBL570015,98.51,COc1cccc(Nc2c(cnc3c(C)cc(cc23)S(=O)(=O)c4cccc(c4)C(=O)N(C)C)C(=O)N)c1
CHEMBL1766081,99.21,CC(C)OC(=O)N1CCC(CC1)Oc2ncnc(Oc3cccnc3C)c2C
CHEMBL1922054,92.95,Cc1ccc2nc(C[N+]34CCC(CC3)[C@H](C4)OC(=O)[C@@](C)(N5CCCCC5)c6ccccc6)oc2c1
CHEMBL2164373,98,FC(F)(F)Oc1ccc(CNC(=O)C2N(C3CCC(F)(F)CC3)C(=O)c4ccccc24)cc1
CHEMBL205807,91.46,CC(C)CN1C(=O)N(C)C(=O)c2c1sc(Cc3c[nH]c4ccccc34)c2C(=O)N5CC[C@@H](O)C5
CHEMBL296035,91.99,CCc1cccc2cc(oc12)C(O)CNC(C)(C)C
CHEMBL1557771,95.43,O=C(N1CCC(CC1)c2oc3ccccc3n2)c4ccccc4
CHEMBL51,90.32,Fc1ccc(cc1)C(=O)C2CCN(CCN3C(=O)Nc4ccccc4C3=O)CC2
CHEMBL1381989,29.9,CC1(C)CNC(=O)c2sc(nc2C1)N3CCOCC3
CHEMBL522771,97.91,Cc1ncsc1C(=O)N(CC2=CC(=O)Nc3c(F)cccc23)c4cccc(Cl)c4
CHEMBL235581,91.28,Clc1ccc(CC2CCNCC2)cc1C(=O)NCC34CC5CC(CC(C5)C3)C4
CHEMBL2208434,98.17,O[C@H](CNC(=O)C1=CC(=O)Nc2ccccc12)CN3CCC(CC3)Oc4ccc(Cl)c(Cl)c4
CHEMBL380192,99.73,CC(C)CC1=NN(C)C(=O)c2c(SCCCO)n(Cc3cccc4ccccc34)cc12
CHEMBL33899,99.67,CC\C(=C(/c1ccccc1)\c2ccc(\C=C\C(=O)O)cc2)\c3ccccc3
CHEMBL2113096,95.63,Cc1nccn1c2sc(Nc3cnccn3)nc2c4cccc(c4)C#N
CHEMBL2206784,99.18,Cc1csc(NC(=O)COc2ncnc3c2cnn3c4ccccc4Cl)n1
CHEMBL1322390,99.94,COc1ccc2nc(NC(=O)CCc3ccc(OC)c(OC)c3)sc2c1
CHEMBL1951072,95.63,COc1cc(OC)c(cc1NC(=O)C)S(=O)(=O)N2C(C)Cc3ccccc23
CHEMBL1431692,99.58,CC(=O)Nc1ccc(Nc2cc(C)nc3c(cnn23)c4ccccc4)cc1
CHEMBL1944693,94.06,COc1ccccc1CCNCc2cccc(CCNC[C@H](O)c3ccc(O)c4NC(=O)Sc34)c2
CHEMBL1852508,69.61,Cc1cc(nn1C[C@H](O)CN)c2ccc(Cl)c(c2)C(=O)NCC3(O)CCCCCC3
CHEMBL1537460,99.76,COc1ccccc1C(=O)Nc2ccc(Cc3ccncc3)cc2
CHEMBL152640,96,Cc1cc(C)c(C)c(Cn2ccc3c(\C=N\NC(=O)c4ccc(O)c(c4)C#N)cccc23)c1C
CHEMBL1426782,97.32,Cc1sc2N(CC(=O)NCc3occc3)C(=O)N(C(=O)c2c1C)c4ccc(F)cc4
CHEMBL401874,98.76,CC(C)CN1C(=O)N(C)C(=O)c2c1nn(Cc3cccc4ccccc34)c2c5ccncc5
CHEMBL1952147,96.79,NS(=O)(=O)c1ccc(CCNc2ccc3nnc(c4ccccc4)n3n2)cc1
CHEMBL41355,86.05,CCOC(=O)Nc1ccc(NCc2ccc(F)cc2)cc1N
